Order_ID,Customer_ID,Product_ID,Quantity,Order_Date,Order_Time,Delivery_Date,Delivery_Time,Location,Occasion,Delivery_Days,Order_Hour,Delivery_Hour,Month,Day_Name,Revenue_INR,Price_INR,Customer_Spend_INR,Product_Name,Category,Price (INR),Occasion_product,Description,Name,Gender,City
1,C037,67,5,2023-02-24,0 days 23:48:13,2023-03-05,0 days 07:27:10,Bardhaman,Anniversary,9,23,7,February,Friday,6870,1374,35693,Maiores Box,Raksha Bandhan,1374,Anniversary,Earum quos enim minima.,Aradhya Kumar,Male,Davanagere
2,C019,41,2,2023-11-07,0 days 23:30:18,2023-11-13,0 days 07:16:17,Jaipur,Diwali,6,23,7,November,Tuesday,3954,1977,40031,Aut Box,Sweets,1977,Diwali,Ab quisquam nobis ducimus.,Amira Sengupta,Male,Danapur
3,C029,67,5,2023-07-14,0 days 19:12:03,2023-07-19,0 days 17:39:00,Bilaspur,Anniversary,5,19,17,July,Friday,6870,1374,46420,Maiores Box,Raksha Bandhan,1374,Anniversary,Earum quos enim minima.,Badal Sathe,Female,Haridwar
4,C012,14,5,2023-07-10,0 days 04:44:29,2023-07-19,0 days 06:33:23,Guwahati,Birthday,9,4,6,July,Monday,9575,1915,23591,Deserunt Box,Colors,1915,Birthday,Incidunt hic vero esse saepe illum.,Onkar Mangat,Male,Bilaspur
5,C078,58,2,2023-02-11,0 days 19:44:48,2023-02-18,0 days 11:08:52,Rajkot,Valentine's Day,7,19,11,February,Saturday,2984,1492,44597,Sed Pack,Cake,1492,Valentine's Day,Reiciendis nam omnis vel explicabo amet perferendis.,Jivika Rajan,Female,Bhubaneswar
6,C040,28,4,2023-08-20,0 days 22:11:35,2023-08-26,0 days 19:06:46,Sirsa,Raksha Bandhan,6,22,19,August,Sunday,7112,1778,41660,Velit Set,Sweets,1778,Raksha Bandhan,Quidem sit facilis consequuntur iusto dignissimos exercitationem.,Hazel Mangat,Female,Pallavaram
7,C009,45,2,2023-05-08,0 days 01:45:13,2023-05-13,0 days 10:07:17,Nanded,Birthday,5,1,10,May,Monday,1444,722,42882,Iusto Set,Raksha Bandhan,722,Birthday,Adipisci quo laboriosam.,Ritvik Borah,Female,Madurai
8,C097,43,3,2023-11-08,0 days 19:20:02,2023-11-14,0 days 08:44:45,Morena,Diwali,6,19,8,November,Wednesday,2250,750,24253,Quisquam Pack,Raksha Bandhan,750,Diwali,Odio incidunt tempore nesciunt.,Nakul Randhawa,Female,Sri Ganganagar
9,C044,27,4,2023-08-20,0 days 23:39:51,2023-08-29,0 days 23:59:54,Rajkot,Raksha Bandhan,9,23,23,August,Sunday,2192,548,70409,Architecto Gift,Cake,548,Raksha Bandhan,Odio quisquam inventore esse sed recusandae autem.,Seher Mann,Male,Agra
10,C099,56,3,2023-02-26,0 days 00:17:26,2023-03-08,0 days 20:47:43,Ambala,Anniversary,10,0,20,February,Sunday,3816,1272,53082,Quia Gift,Raksha Bandhan,1272,Anniversary,Veniam expedita odit esse.,Ranbir Loyal,Female,Dhanbad
11,C065,16,4,2023-03-02,0 days 20:14:55,2023-03-03,0 days 23:19:47,Belgaum,Holi,1,20,23,March,Thursday,6884,1721,33684,Ut Pack,Sweets,1721,Holi,Quae occaecati laborum expedita perspiciatis consequatur ad.,Badal Vora,Male,North Dumdum
12,C097,38,3,2023-07-12,0 days 08:28:56,2023-07-20,0 days 23:34:57,Karnal,Birthday,8,8,23,July,Wednesday,1686,562,24253,Mollitia Set,Cake,562,Birthday,Eaque deserunt possimus alias sint odit facere.,Nakul Randhawa,Female,Sri Ganganagar
13,C024,20,3,2023-02-24,0 days 16:47:16,2023-03-04,0 days 02:27:37,Gandhidham,Anniversary,8,16,2,February,Friday,2091,697,59666,Reiciendis Box,Colors,697,Anniversary,Molestias earum quam dolor.,Jhanvi Chowdhury,Female,Kavali
14,C042,60,1,2023-11-08,0 days 03:46:06,2023-11-15,0 days 12:08:02,Bilaspur,Diwali,7,3,12,November,Wednesday,827,827,28243,Ea Set,Sweets,827,Diwali,Ex omnis sit quibusdam.,Eshani Sharma,Male,Ajmer
15,C069,21,5,2023-08-26,0 days 02:52:39,2023-08-30,0 days 13:26:45,Pune,Raksha Bandhan,4,2,13,August,Saturday,7805,1561,38017,Quia Gift,Colors,1561,Raksha Bandhan,Autem necessitatibus perferendis consequatur suscipit iste harum sint.,Hunar Tripathi,Female,Madhyamgram
16,C013,20,3,2023-02-16,0 days 15:06:11,2023-02-20,0 days 22:14:21,Khammam,Anniversary,4,15,22,February,Thursday,2091,697,46738,Reiciendis Box,Colors,697,Anniversary,Molestias earum quam dolor.,Manikya Goswami,Female,Mangalore
17,C056,60,2,2023-11-04,0 days 11:31:33,2023-11-13,0 days 18:40:13,Kota,Diwali,9,11,18,November,Saturday,1654,827,34313,Ea Set,Sweets,827,Diwali,Ex omnis sit quibusdam.,Pihu Choudhury,Male,Haridwar
18,C072,23,4,2023-12-10,0 days 10:46:15,2023-12-11,0 days 00:20:29,Moradabad,Anniversary,1,10,0,December,Sunday,4392,1098,33067,Dignissimos Pack,Sweets,1098,Anniversary,Sunt laborum incidunt ad asperiores itaque minus placeat.,Charvi Karnik,Male,Hyderabad
19,C072,62,4,2023-03-07,0 days 07:59:48,2023-03-08,0 days 03:04:34,Vijayanagaram,Holi,1,7,3,March,Tuesday,5424,1356,33067,Sed Set,Colors,1356,Holi,Sequi et dolore et consectetur odit deleniti.,Charvi Karnik,Male,Hyderabad
20,C011,52,1,2023-02-11,0 days 14:36:57,2023-02-14,0 days 01:34:16,Madurai,Valentine's Day,3,14,1,February,Saturday,236,236,15042,Dolorum Box,Raksha Bandhan,236,Valentine's Day,Amet accusamus natus magni non recusandae.,Lagan Kapoor,Female,Orai
21,C090,32,1,2023-02-09,0 days 11:20:52,2023-02-12,0 days 11:36:26,Bathinda,Birthday,3,11,11,February,Thursday,1792,1792,32456,Fuga Set,Soft Toys,1792,Birthday,Modi veniam vero dolores.,Drishya De,Female,Anantapuram
22,C054,43,1,2023-11-09,0 days 01:05:28,2023-11-14,0 days 09:49:47,Tenali,Diwali,5,1,9,November,Thursday,750,750,28005,Quisquam Pack,Raksha Bandhan,750,Diwali,Odio incidunt tempore nesciunt.,Umang Ahuja,Female,Bidhannagar
23,C041,12,3,2023-05-05,0 days 05:28:33,2023-05-06,0 days 12:12:24,Ludhiana,Anniversary,1,5,12,May,Friday,2016,672,41595,Non Set,Plants,672,Anniversary,Fugiat id similique minima corrupti ut sint sapiente.,Rati Dhingra,Male,Karaikudi
24,C018,42,3,2023-07-25,0 days 05:10:42,2023-08-03,0 days 07:57:35,Durg,All Occasions,9,5,7,July,Tuesday,5232,1744,33717,Expedita Gift,Sweets,1744,All Occasions,Necessitatibus cum dolores alias sed.,Eva Vaidya,Male,Nizamabad
25,C091,30,3,2023-07-21,0 days 10:46:57,2023-07-24,0 days 14:28:42,Panipat,Anniversary,3,10,14,July,Friday,2253,751,32001,Recusandae Pack,Colors,751,Anniversary,Maxime exercitationem repellat veritatis a dolorem.,Adira Rajan,Female,New Delhi
26,C040,6,3,2023-03-06,0 days 05:03:06,2023-03-12,0 days 06:06:11,Amroha,Holi,6,5,6,March,Monday,3336,1112,41660,Quos Box,Cake,1112,Holi,Eum deleniti adipisci vero neque.,Hazel Mangat,Female,Pallavaram
27,C063,9,2,2023-08-22,0 days 11:16:28,2023-08-30,0 days 07:59:12,Raipur,Raksha Bandhan,8,11,7,August,Tuesday,3210,1605,43857,Aperiam Box,Colors,1605,Raksha Bandhan,Explicabo totam quaerat a quaerat ducimus officia.,Arhaan Ahluwalia,Male,Jamnagar
28,C088,42,3,2023-05-05,0 days 03:25:25,2023-05-10,0 days 07:55:04,Guwahati,All Occasions,5,3,7,May,Friday,5232,1744,39375,Expedita Gift,Sweets,1744,All Occasions,Necessitatibus cum dolores alias sed.,Shalv Kulkarni,Female,Khora 
29,C064,10,5,2023-09-22,0 days 01:06:22,2023-10-01,0 days 14:29:16,Kollam,Birthday,9,1,14,September,Friday,1295,259,36991,Accusantium Gift,Cake,259,Birthday,Minima nobis repellendus distinctio a veritatis voluptate eaque.,Indrajit Kale,Male,Srikakulam
30,C044,23,4,2023-01-13,0 days 09:23:33,2023-01-15,0 days 13:36:58,Bulandshahr,Anniversary,2,9,13,January,Friday,4392,1098,70409,Dignissimos Pack,Sweets,1098,Anniversary,Sunt laborum incidunt ad asperiores itaque minus placeat.,Seher Mann,Male,Agra
31,C029,7,5,2023-02-28,0 days 13:13:22,2023-03-03,0 days 23:35:49,Nandyal,Holi,3,13,23,February,Tuesday,2045,409,46420,Quos Set,Soft Toys,409,Holi,Sint accusamus veritatis exercitationem corporis.,Badal Sathe,Female,Haridwar
32,C065,7,5,2023-03-04,0 days 15:36:41,2023-03-05,0 days 15:54:10,Pudukkottai,Holi,1,15,15,March,Saturday,2045,409,33684,Quos Set,Soft Toys,409,Holi,Sint accusamus veritatis exercitationem corporis.,Badal Vora,Male,North Dumdum
33,C047,8,3,2023-04-15,0 days 01:37:27,2023-04-25,0 days 02:13:27,Amroha,Anniversary,10,1,2,April,Saturday,756,252,28829,Qui Box,Sweets,252,Anniversary,Praesentium necessitatibus quos esse neque.,Bhamini Ravi,Male,Jorhat
34,C071,17,2,2023-10-01,0 days 22:58:15,2023-10-05,0 days 05:36:46,Tirupati,Anniversary,4,22,5,October,Sunday,3798,1899,35825,Delectus Gift,Soft Toys,1899,Anniversary,Architecto beatae ullam ad sed dolorem voluptates est.,Purab Sheth,Male,Tiruppur
35,C055,7,5,2023-03-02,0 days 16:10:26,2023-03-05,0 days 15:00:40,Asansol,Holi,3,16,15,March,Thursday,2045,409,46022,Quos Set,Soft Toys,409,Holi,Sint accusamus veritatis exercitationem corporis.,Umang Luthra,Male,Imphal
36,C029,66,1,2023-03-04,0 days 10:28:53,2023-03-14,0 days 08:14:49,New Delhi,Holi,10,10,8,March,Saturday,610,610,46420,Quas Box,Colors,610,Holi,Architecto debitis repellendus error ducimus quod quo.,Badal Sathe,Female,Haridwar
37,C096,19,5,2023-02-10,0 days 11:01:04,2023-02-15,0 days 21:19:36,Katni,Valentine's Day,5,11,21,February,Friday,6170,1234,12240,Iure Gift,Mugs,1234,Valentine's Day,Autem quaerat tempore quasi ipsam.,Kavya Reddy,Male,Medininagar
38,C067,37,3,2023-11-11,0 days 12:30:28,2023-11-14,0 days 12:24:51,Indore,Diwali,3,12,12,November,Saturday,4284,1428,38028,Officiis Pack,Colors,1428,Diwali,Error facere quae cupiditate provident.,Eva Sankaran,Male,Anand
39,C054,43,2,2023-11-02,0 days 19:25:58,2023-11-04,0 days 13:28:42,Vellore,Diwali,2,19,13,November,Thursday,1500,750,28005,Quisquam Pack,Raksha Bandhan,750,Diwali,Odio incidunt tempore nesciunt.,Umang Ahuja,Female,Bidhannagar
40,C066,48,4,2023-11-02,0 days 14:15:10,2023-11-05,0 days 04:29:54,Raiganj,Diwali,3,14,4,November,Thursday,1732,433,23870,Maiores Gift,Colors,433,Diwali,Repellendus quae iusto nostrum commodi adipisci.,Eshani Buch,Female,Malegaon
41,C047,54,4,2023-06-08,0 days 19:19:50,2023-06-10,0 days 14:29:42,Saharsa,Anniversary,2,19,14,June,Thursday,4944,1236,28829,Occaecati Gift,Cake,1236,Anniversary,Ducimus possimus saepe totam impedit amet reprehenderit.,Bhamini Ravi,Male,Jorhat
42,C080,35,1,2023-02-26,0 days 00:08:38,2023-03-07,0 days 17:18:28,Faridabad,Holi,9,0,17,February,Sunday,1865,1865,22226,Nam Gift,Colors,1865,Holi,Ab possimus tempore maiores nesciunt enim placeat excepturi.,Mohanlal Garde,Male,Bhopal
43,C046,49,3,2023-02-12,0 days 22:31:16,2023-02-16,0 days 02:47:47,Sambalpur,Valentine's Day,4,22,2,February,Sunday,2709,903,29150,Voluptate Pack,Colors,903,Valentine's Day,Saepe ratione ab inventore dignissimos.,Tara Kannan,Male,Guna
44,C006,14,1,2023-07-17,0 days 21:57:56,2023-07-27,0 days 10:48:09,Bhavnagar,Birthday,10,21,10,July,Monday,1915,1915,35959,Deserunt Box,Colors,1915,Birthday,Incidunt hic vero esse saepe illum.,Rania Mann,Female,Karimnagar
45,C097,61,5,2023-04-28,0 days 14:26:26,2023-04-29,0 days 06:16:36,Haldia,Anniversary,1,14,6,April,Friday,4050,810,24253,Iusto Box,Plants,810,Anniversary,Sequi numquam rerum aspernatur aspernatur in.,Nakul Randhawa,Female,Sri Ganganagar
46,C059,22,4,2023-04-18,0 days 03:21:11,2023-04-23,0 days 08:02:45,Guna,All Occasions,5,3,8,April,Tuesday,6556,1639,31128,Exercitationem Pack,Soft Toys,1639,All Occasions,Iusto cum nostrum quasi dicta totam error.,Nirvi Wagle,Male,Kalyan-Dombivli
47,C013,7,5,2023-02-26,0 days 13:04:28,2023-02-28,0 days 06:00:20,Jaipur,Holi,2,13,6,February,Sunday,2045,409,46738,Quos Set,Soft Toys,409,Holi,Sint accusamus veritatis exercitationem corporis.,Manikya Goswami,Female,Mangalore
48,C031,65,4,2023-11-12,0 days 20:00:30,2023-11-16,0 days 05:31:42,Delhi,All Occasions,4,20,5,November,Sunday,7580,1895,30814,Error Gift,Raksha Bandhan,1895,All Occasions,Ratione alias nam dignissimos ullam.,Madhup Wable,Female,Sasaram
49,C020,43,1,2023-11-11,0 days 17:44:30,2023-11-18,0 days 13:49:52,Nangloi Jat,Diwali,7,17,13,November,Saturday,750,750,75029,Quisquam Pack,Raksha Bandhan,750,Diwali,Odio incidunt tempore nesciunt.,Samaira Ganesh,Male,Machilipatnam
50,C014,41,4,2023-11-09,0 days 06:56:33,2023-11-16,0 days 10:19:22,Jamalpur,Diwali,7,6,10,November,Thursday,7908,1977,37235,Aut Box,Sweets,1977,Diwali,Ab quisquam nobis ducimus.,Indrans Shukla,Female,Panvel
51,C036,10,1,2023-03-15,0 days 09:23:49,2023-03-19,0 days 16:46:40,Agartala,Birthday,4,9,16,March,Wednesday,259,259,34644,Accusantium Gift,Cake,259,Birthday,Minima nobis repellendus distinctio a veritatis voluptate eaque.,Biju Bajwa,Female,Dibrugarh
52,C023,9,1,2023-08-29,0 days 19:55:22,2023-09-07,0 days 04:22:02,Hospet,Raksha Bandhan,9,19,4,August,Tuesday,1605,1605,41112,Aperiam Box,Colors,1605,Raksha Bandhan,Explicabo totam quaerat a quaerat ducimus officia.,Abram Sandhu,Male,Bidhannagar
53,C045,9,5,2023-08-20,0 days 08:25:45,2023-08-27,0 days 05:59:31,Kozhikode,Raksha Bandhan,7,8,5,August,Sunday,8025,1605,61294,Aperiam Box,Colors,1605,Raksha Bandhan,Explicabo totam quaerat a quaerat ducimus officia.,Divit Mahajan,Female,Maheshtala
54,C059,30,1,2023-04-13,0 days 09:55:01,2023-04-23,0 days 14:30:59,Ratlam,Anniversary,10,9,14,April,Thursday,751,751,31128,Recusandae Pack,Colors,751,Anniversary,Maxime exercitationem repellat veritatis a dolorem.,Nirvi Wagle,Male,Kalyan-Dombivli
55,C040,5,1,2023-02-08,0 days 08:01:07,2023-02-13,0 days 07:42:58,Kottayam,All Occasions,5,8,7,February,Wednesday,1444,1444,41660,Natus Gift,Colors,1444,All Occasions,Quis occaecati reprehenderit facere tenetur illum exercitationem.,Hazel Mangat,Female,Pallavaram
56,C095,58,5,2023-02-08,0 days 12:11:48,2023-02-13,0 days 18:51:59,Danapur,Valentine's Day,5,12,18,February,Wednesday,7460,1492,45692,Sed Pack,Cake,1492,Valentine's Day,Reiciendis nam omnis vel explicabo amet perferendis.,Mahika Cherian,Female,Warangal
57,C090,35,5,2023-02-26,0 days 08:00:15,2023-03-06,0 days 12:27:32,Ahmedabad,Holi,8,8,12,February,Sunday,9325,1865,32456,Nam Gift,Colors,1865,Holi,Ab possimus tempore maiores nesciunt enim placeat excepturi.,Drishya De,Female,Anantapuram
58,C077,36,1,2023-01-06,0 days 02:51:30,2023-01-15,0 days 08:26:18,Amravati,Birthday,9,2,8,January,Friday,203,203,48915,Cum Gift,Plants,203,Birthday,Magni maiores ullam fugiat.,Gokul Ahluwalia,Female,Panchkula
59,C041,51,5,2023-06-26,0 days 03:56:15,2023-06-28,0 days 20:10:04,Thiruvananthapuram,All Occasions,2,3,20,June,Monday,5420,1084,41595,Fugit Set,Soft Toys,1084,All Occasions,Maiores hic veritatis corporis modi.,Rati Dhingra,Male,Karaikudi
60,C023,5,2,2023-12-13,0 days 06:46:45,2023-12-15,0 days 13:03:56,Darbhanga,All Occasions,2,6,13,December,Wednesday,2888,1444,41112,Natus Gift,Colors,1444,All Occasions,Quis occaecati reprehenderit facere tenetur illum exercitationem.,Abram Sandhu,Male,Bidhannagar
61,C058,44,2,2023-11-08,0 days 22:26:25,2023-11-10,0 days 08:08:31,Panihati,Diwali,2,22,8,November,Wednesday,1588,794,35678,Dolorum Set,Plants,794,Diwali,Nam quod aliquid.,Charvi Kanda,Male,Guntakal
62,C074,6,4,2023-03-02,0 days 15:30:51,2023-03-06,0 days 23:51:40,Jorhat,Holi,4,15,23,March,Thursday,4448,1112,29303,Quos Box,Cake,1112,Holi,Eum deleniti adipisci vero neque.,Vanya Apte,Female,Sultan Pur Majra
63,C056,42,3,2023-06-25,0 days 06:22:38,2023-06-26,0 days 15:40:04,Munger,All Occasions,1,6,15,June,Sunday,5232,1744,34313,Expedita Gift,Sweets,1744,All Occasions,Necessitatibus cum dolores alias sed.,Pihu Choudhury,Male,Haridwar
64,C015,25,1,2023-06-12,0 days 02:48:39,2023-06-15,0 days 22:05:41,Chittoor,Anniversary,3,2,22,June,Monday,1202,1202,22045,Qui Gift,Plants,1202,Anniversary,Maxime culpa earum blanditiis.,Romil Bajwa,Female,Kolkata
65,C033,54,2,2023-09-01,0 days 13:02:28,2023-09-11,0 days 06:33:52,Berhampur,Anniversary,10,13,6,September,Friday,2472,1236,32998,Occaecati Gift,Cake,1236,Anniversary,Ducimus possimus saepe totam impedit amet reprehenderit.,Suhana Kurian,Female,Indore
66,C017,35,5,2023-02-26,0 days 21:00:44,2023-02-27,0 days 06:25:58,Munger,Holi,1,21,6,February,Sunday,9325,1865,42855,Nam Gift,Colors,1865,Holi,Ab possimus tempore maiores nesciunt enim placeat excepturi.,Advika Dhar,Male,Gangtok
67,C047,10,2,2023-07-06,0 days 17:28:21,2023-07-14,0 days 21:11:01,Thrissur,Birthday,8,17,21,July,Thursday,518,259,28829,Accusantium Gift,Cake,259,Birthday,Minima nobis repellendus distinctio a veritatis voluptate eaque.,Bhamini Ravi,Male,Jorhat
68,C050,34,4,2023-08-25,0 days 22:43:58,2023-08-31,0 days 21:31:14,Ahmedabad,Raksha Bandhan,6,22,21,August,Friday,5340,1335,40896,Placeat Pack,Soft Toys,1335,Raksha Bandhan,Illo in quas at rem.,Chirag Srinivas,Female,Imphal
69,C091,12,4,2023-09-02,0 days 19:21:41,2023-09-08,0 days 09:30:02,Hyderabad,Anniversary,6,19,9,September,Saturday,2688,672,32001,Non Set,Plants,672,Anniversary,Fugiat id similique minima corrupti ut sint sapiente.,Adira Rajan,Female,New Delhi
70,C037,17,1,2023-09-28,0 days 04:21:09,2023-10-03,0 days 11:44:33,Vijayanagaram,Anniversary,5,4,11,September,Thursday,1899,1899,35693,Delectus Gift,Soft Toys,1899,Anniversary,Architecto beatae ullam ad sed dolorem voluptates est.,Aradhya Kumar,Male,Davanagere
71,C013,9,5,2023-08-20,0 days 16:32:06,2023-08-28,0 days 13:31:32,Karnal,Raksha Bandhan,8,16,13,August,Sunday,8025,1605,46738,Aperiam Box,Colors,1605,Raksha Bandhan,Explicabo totam quaerat a quaerat ducimus officia.,Manikya Goswami,Female,Mangalore
72,C058,26,3,2023-03-03,0 days 15:49:26,2023-03-12,0 days 17:34:10,Bally,Holi,9,15,17,March,Friday,867,289,35678,Aliquam Box,Colors,289,Holi,Sunt repellendus quidem laborum provident voluptas ut nisi.,Charvi Kanda,Male,Guntakal
73,C057,26,1,2023-03-03,0 days 12:52:36,2023-03-11,0 days 01:28:36,Farrukhabad,Holi,8,12,1,March,Friday,289,289,28825,Aliquam Box,Colors,289,Holi,Sunt repellendus quidem laborum provident voluptas ut nisi.,Zain Hegde,Female,Delhi
74,C024,31,3,2023-01-01,0 days 20:55:22,2023-01-07,0 days 09:02:03,Shivpuri,All Occasions,6,20,9,January,Sunday,5412,1804,59666,Nihil Box,Colors,1804,All Occasions,Eveniet sint molestiae.,Jhanvi Chowdhury,Female,Kavali
75,C009,65,2,2023-04-06,0 days 11:10:24,2023-04-09,0 days 23:00:34,Bally,All Occasions,3,11,23,April,Thursday,3790,1895,42882,Error Gift,Raksha Bandhan,1895,All Occasions,Ratione alias nam dignissimos ullam.,Ritvik Borah,Female,Madurai
76,C054,4,1,2023-11-09,0 days 05:13:11,2023-11-12,0 days 00:34:50,Anand,Diwali,3,5,0,November,Thursday,1199,1199,28005,Accusantium Set,Sweets,1199,Diwali,Corporis odio consequatur perferendis repellendus laudantium deserunt.,Umang Ahuja,Female,Bidhannagar
77,C028,42,3,2023-08-05,0 days 01:07:11,2023-08-13,0 days 16:20:52,Kanpur,All Occasions,8,1,16,August,Saturday,5232,1744,37013,Expedita Gift,Sweets,1744,All Occasions,Necessitatibus cum dolores alias sed.,Hridaan Rajagopalan,Female,Noida
78,C062,11,2,2023-02-04,0 days 13:00:09,2023-02-08,0 days 20:31:15,Pallavaram,Valentine's Day,4,13,20,February,Saturday,2192,1096,29721,Maxime Set,Mugs,1096,Valentine's Day,Sapiente exercitationem illo sed ea.,Inaaya  Sarraf,Male,Nagpur
79,C010,40,2,2023-06-01,0 days 17:29:30,2023-06-11,0 days 07:34:53,Varanasi,Anniversary,10,17,7,June,Thursday,3846,1923,24931,Provident Pack,Sweets,1923,Anniversary,Voluptate eaque accusamus nobis voluptatem accusamus.,Darshit Dave,Male,Kanpur
80,C008,39,4,2023-01-02,0 days 11:07:02,2023-01-11,0 days 02:05:50,Salem,All Occasions,9,11,2,January,Monday,1548,387,50151,Voluptate Set,Mugs,387,All Occasions,Voluptates nostrum ratione sint odit dolore consectetur.,Veer Ray,Female,Chinsurah
81,C053,1,5,2023-02-22,0 days 18:29:21,2023-03-03,0 days 07:09:32,Kalyan-Dombivli,All Occasions,9,18,7,February,Wednesday,9675,1935,32732,Magnam Set,Soft Toys,1935,All Occasions,Quam numquam iste sunt nemo.,Kismat Kapadia,Female,Bharatpur
82,C038,70,3,2023-08-04,0 days 22:02:05,2023-08-05,0 days 14:08:13,Gwalior,Birthday,1,22,14,August,Friday,2598,866,40160,Error Gift,Sweets,866,Birthday,Debitis provident illo aliquam debitis.,Yakshit Shah,Female,Aizawl
83,C036,27,4,2023-08-23,0 days 19:12:01,2023-09-02,0 days 14:44:00,Asansol,Raksha Bandhan,10,19,14,August,Wednesday,2192,548,34644,Architecto Gift,Cake,548,Raksha Bandhan,Odio quisquam inventore esse sed recusandae autem.,Biju Bajwa,Female,Dibrugarh
84,C032,47,1,2023-03-04,0 days 03:31:50,2023-03-06,0 days 07:02:20,Tirupati,Holi,2,3,7,March,Saturday,1638,1638,49494,Harum Pack,Colors,1638,Holi,Maiores voluptates quam aspernatur magni distinctio provident.,Mannat Anand,Male,Surat
85,C041,26,2,2023-03-04,0 days 21:35:20,2023-03-14,0 days 14:48:22,Agra,Holi,10,21,14,March,Saturday,578,289,41595,Aliquam Box,Colors,289,Holi,Sunt repellendus quidem laborum provident voluptas ut nisi.,Rati Dhingra,Male,Karaikudi
86,C046,39,4,2023-09-13,0 days 11:27:49,2023-09-22,0 days 14:09:30,Sirsa,All Occasions,9,11,14,September,Wednesday,1548,387,29150,Voluptate Set,Mugs,387,All Occasions,Voluptates nostrum ratione sint odit dolore consectetur.,Tara Kannan,Male,Guna
87,C055,2,5,2023-02-04,0 days 13:17:21,2023-02-11,0 days 23:06:36,Malda,Valentine's Day,7,13,23,February,Saturday,2205,441,46022,Voluptas Box,Plants,441,Valentine's Day,At quaerat animi nemo.,Umang Luthra,Male,Imphal
88,C008,15,4,2023-12-22,0 days 10:02:31,2024-01-01,0 days 12:17:55,Avadi,Anniversary,10,10,12,December,Friday,5952,1488,50151,Repudiandae Box,Raksha Bandhan,1488,Anniversary,Consequuntur placeat quia voluptate esse consectetur accusamus nemo.,Veer Ray,Female,Chinsurah
89,C060,3,5,2023-02-12,0 days 22:56:52,2023-02-13,0 days 14:41:41,Aurangabad,Valentine's Day,1,22,14,February,Sunday,7670,1534,45635,Eius Gift,Colors,1534,Valentine's Day,Deserunt pariatur mollitia voluptatem.,Riya Wagle,Male,Satara
90,C088,41,3,2023-11-09,0 days 20:54:16,2023-11-18,0 days 17:48:35,Shahjahanpur,Diwali,9,20,17,November,Thursday,5931,1977,39375,Aut Box,Sweets,1977,Diwali,Ab quisquam nobis ducimus.,Shalv Kulkarni,Female,Khora 
91,C061,6,2,2023-02-27,0 days 13:52:56,2023-03-05,0 days 13:23:25,Mahbubnagar,Holi,6,13,13,February,Monday,2224,1112,50313,Quos Box,Cake,1112,Holi,Eum deleniti adipisci vero neque.,Akarsh Ramesh,Female,Kavali
92,C100,18,5,2023-05-15,0 days 00:11:18,2023-05-25,0 days 11:17:55,Rohtak,Birthday,10,0,11,May,Monday,3905,781,34509,Nemo Set,Plants,781,Birthday,Perspiciatis nemo dolorem perspiciatis aspernatur.,Pranay Chaudhary,Female,Phagwara
93,C047,24,4,2023-05-01,0 days 17:50:59,2023-05-03,0 days 18:35:56,Warangal,Birthday,2,17,18,May,Monday,2140,535,28829,Ad Box,Mugs,535,Birthday,Possimus perspiciatis nesciunt modi molestias.,Bhamini Ravi,Male,Jorhat
94,C099,69,5,2023-03-02,0 days 14:51:08,2023-03-11,0 days 08:14:49,Purnia,Holi,9,14,8,March,Thursday,4990,998,53082,Id Box,Cake,998,Holi,Earum odio vitae mollitia autem.,Ranbir Loyal,Female,Dhanbad
95,C039,70,4,2023-05-29,0 days 07:54:41,2023-06-03,0 days 07:16:33,Narasaraopet,Birthday,5,7,7,May,Monday,3464,866,30237,Error Gift,Sweets,866,Birthday,Debitis provident illo aliquam debitis.,Kaira Bahl,Male,Kamarhati
96,C099,25,3,2023-03-14,0 days 15:00:21,2023-03-23,0 days 08:56:06,Latur,Anniversary,9,15,8,March,Tuesday,3606,1202,53082,Qui Gift,Plants,1202,Anniversary,Maxime culpa earum blanditiis.,Ranbir Loyal,Female,Dhanbad
97,C041,41,1,2023-11-03,0 days 20:11:32,2023-11-08,0 days 01:35:25,Bhavnagar,Diwali,5,20,1,November,Friday,1977,1977,41595,Aut Box,Sweets,1977,Diwali,Ab quisquam nobis ducimus.,Rati Dhingra,Male,Karaikudi
98,C031,8,1,2023-10-30,0 days 15:26:00,2023-11-01,0 days 16:34:28,Bulandshahr,Anniversary,2,15,16,October,Monday,252,252,30814,Qui Box,Sweets,252,Anniversary,Praesentium necessitatibus quos esse neque.,Madhup Wable,Female,Sasaram
99,C050,38,3,2023-11-04,0 days 14:00:46,2023-11-05,0 days 15:44:38,Burhanpur,Birthday,1,14,15,November,Saturday,1686,562,40896,Mollitia Set,Cake,562,Birthday,Eaque deserunt possimus alias sint odit facere.,Chirag Srinivas,Female,Imphal
100,C055,42,5,2023-05-09,0 days 05:50:07,2023-05-17,0 days 05:30:26,Bhiwani,All Occasions,8,5,5,May,Tuesday,8720,1744,46022,Expedita Gift,Sweets,1744,All Occasions,Necessitatibus cum dolores alias sed.,Umang Luthra,Male,Imphal
101,C064,70,4,2023-06-19,0 days 03:56:52,2023-06-21,0 days 06:18:37,Belgaum,Birthday,2,3,6,June,Monday,3464,866,36991,Error Gift,Sweets,866,Birthday,Debitis provident illo aliquam debitis.,Indrajit Kale,Male,Srikakulam
102,C081,10,3,2023-10-28,0 days 19:34:14,2023-11-06,0 days 07:06:35,Ozhukarai,Birthday,9,19,7,October,Saturday,777,259,22223,Accusantium Gift,Cake,259,Birthday,Minima nobis repellendus distinctio a veritatis voluptate eaque.,Kaira Ramachandran,Male,Ratlam
103,C097,18,3,2023-02-01,0 days 12:24:59,2023-02-08,0 days 22:51:39,Ichalkaranji,Birthday,7,12,22,February,Wednesday,2343,781,24253,Nemo Set,Plants,781,Birthday,Perspiciatis nemo dolorem perspiciatis aspernatur.,Nakul Randhawa,Female,Sri Ganganagar
104,C082,51,3,2023-12-29,0 days 01:45:29,2024-01-05,0 days 00:15:28,Ahmednagar,All Occasions,7,1,0,December,Friday,3252,1084,26728,Fugit Set,Soft Toys,1084,All Occasions,Maiores hic veritatis corporis modi.,Anya Chaudhari,Female,Ahmednagar
105,C063,36,2,2023-02-11,0 days 02:57:36,2023-02-21,0 days 01:34:10,Guna,Birthday,10,2,1,February,Saturday,406,203,43857,Cum Gift,Plants,203,Birthday,Magni maiores ullam fugiat.,Arhaan Ahluwalia,Male,Jamnagar
106,C095,41,2,2023-11-06,0 days 17:55:46,2023-11-08,0 days 23:00:28,Chinsurah,Diwali,2,17,23,November,Monday,3954,1977,45692,Aut Box,Sweets,1977,Diwali,Ab quisquam nobis ducimus.,Mahika Cherian,Female,Warangal
107,C041,4,3,2023-11-06,0 days 10:18:07,2023-11-12,0 days 14:20:21,Gorakhpur,Diwali,6,10,14,November,Monday,3597,1199,41595,Accusantium Set,Sweets,1199,Diwali,Corporis odio consequatur perferendis repellendus laudantium deserunt.,Rati Dhingra,Male,Karaikudi
108,C012,26,4,2023-02-27,0 days 09:03:26,2023-03-05,0 days 08:03:05,Berhampore,Holi,6,9,8,February,Monday,1156,289,23591,Aliquam Box,Colors,289,Holi,Sunt repellendus quidem laborum provident voluptas ut nisi.,Onkar Mangat,Male,Bilaspur
109,C074,50,5,2023-02-27,0 days 15:35:48,2023-03-01,0 days 08:38:56,Gandhidham,Holi,2,15,8,February,Monday,2110,422,29303,Eligendi Set,Plants,422,Holi,Consectetur illum pariatur totam fugit eum eaque.,Vanya Apte,Female,Sultan Pur Majra
110,C075,26,2,2023-03-04,0 days 11:23:44,2023-03-13,0 days 08:27:31,Kishanganj,Holi,9,11,8,March,Saturday,578,289,13859,Aliquam Box,Colors,289,Holi,Sunt repellendus quidem laborum provident voluptas ut nisi.,Yashvi Bansal,Female,Aligarh
111,C009,8,3,2023-06-21,0 days 14:18:57,2023-06-25,0 days 21:03:57,Ramgarh,Anniversary,4,14,21,June,Wednesday,756,252,42882,Qui Box,Sweets,252,Anniversary,Praesentium necessitatibus quos esse neque.,Ritvik Borah,Female,Madurai
112,C023,37,3,2023-11-11,0 days 06:36:04,2023-11-14,0 days 15:50:59,Kochi,Diwali,3,6,15,November,Saturday,4284,1428,41112,Officiis Pack,Colors,1428,Diwali,Error facere quae cupiditate provident.,Abram Sandhu,Male,Bidhannagar
113,C032,1,3,2023-11-14,0 days 15:30:30,2023-11-23,0 days 04:26:47,Bulandshahr,All Occasions,9,15,4,November,Tuesday,5805,1935,49494,Magnam Set,Soft Toys,1935,All Occasions,Quam numquam iste sunt nemo.,Mannat Anand,Male,Surat
114,C009,40,4,2023-02-03,0 days 16:03:15,2023-02-07,0 days 02:22:48,Kirari Suleman Nagar,Anniversary,4,16,2,February,Friday,7692,1923,42882,Provident Pack,Sweets,1923,Anniversary,Voluptate eaque accusamus nobis voluptatem accusamus.,Ritvik Borah,Female,Madurai
115,C095,57,1,2023-04-28,0 days 18:11:22,2023-05-05,0 days 11:36:31,Jhansi,Birthday,7,18,11,April,Friday,1582,1582,45692,Voluptatem Box,Colors,1582,Birthday,Similique dolor saepe molestiae.,Mahika Cherian,Female,Warangal
116,C009,4,3,2023-11-11,0 days 14:28:05,2023-11-20,0 days 05:25:26,Howrah,Diwali,9,14,5,November,Saturday,3597,1199,42882,Accusantium Set,Sweets,1199,Diwali,Corporis odio consequatur perferendis repellendus laudantium deserunt.,Ritvik Borah,Female,Madurai
117,C033,59,3,2023-08-20,0 days 18:50:05,2023-08-22,0 days 03:43:01,Loni,Raksha Bandhan,2,18,3,August,Sunday,2433,811,32998,Pariatur Box,Cake,811,Raksha Bandhan,Exercitationem occaecati quam aperiam.,Suhana Kurian,Female,Indore
118,C035,62,1,2023-02-27,0 days 14:30:59,2023-03-05,0 days 10:32:52,Bhavnagar,Holi,6,14,10,February,Monday,1356,1356,23064,Sed Set,Colors,1356,Holi,Sequi et dolore et consectetur odit deleniti.,Ira Sarna,Male,Vellore
119,C010,6,4,2023-03-04,0 days 11:02:10,2023-03-12,0 days 12:22:18,Fatehpur,Holi,8,11,12,March,Saturday,4448,1112,24931,Quos Box,Cake,1112,Holi,Eum deleniti adipisci vero neque.,Darshit Dave,Male,Kanpur
120,C050,61,1,2023-12-25,0 days 22:26:37,2023-12-31,0 days 09:57:24,Kalyan-Dombivli,Anniversary,6,22,9,December,Monday,810,810,40896,Iusto Box,Plants,810,Anniversary,Sequi numquam rerum aspernatur aspernatur in.,Chirag Srinivas,Female,Imphal
121,C048,33,3,2023-02-05,0 days 02:18:55,2023-02-09,0 days 07:29:31,Guntur,Valentine's Day,4,2,7,February,Sunday,942,314,24465,Earum Set,Colors,314,Valentine's Day,Nisi quis nam ipsa molestias vel totam.,Aradhya Kale,Male,Guntakal
122,C083,24,5,2023-10-03,0 days 09:04:23,2023-10-13,0 days 03:15:14,Gulbarga,Birthday,10,9,3,October,Tuesday,2675,535,42088,Ad Box,Mugs,535,Birthday,Possimus perspiciatis nesciunt modi molestias.,Aaryahi Sodhi,Male,Raurkela Industrial Township
123,C026,38,1,2023-01-15,0 days 00:31:09,2023-01-25,0 days 04:58:43,Malegaon,Birthday,10,0,4,January,Sunday,562,562,31319,Mollitia Set,Cake,562,Birthday,Eaque deserunt possimus alias sint odit facere.,Ira Chahal,Female,Farrukhabad
124,C030,67,4,2023-07-21,0 days 08:44:55,2023-07-23,0 days 05:23:44,Bhilwara,Anniversary,2,8,5,July,Friday,5496,1374,48097,Maiores Box,Raksha Bandhan,1374,Anniversary,Earum quos enim minima.,Vardaniya Contractor,Male,Sambhal
125,C020,31,2,2023-03-19,0 days 09:12:11,2023-03-25,0 days 14:36:11,Kolkata,All Occasions,6,9,14,March,Sunday,3608,1804,75029,Nihil Box,Colors,1804,All Occasions,Eveniet sint molestiae.,Samaira Ganesh,Male,Machilipatnam
126,C040,19,5,2023-02-04,0 days 02:28:24,2023-02-13,0 days 13:16:38,Dharmavaram,Valentine's Day,9,2,13,February,Saturday,6170,1234,41660,Iure Gift,Mugs,1234,Valentine's Day,Autem quaerat tempore quasi ipsam.,Hazel Mangat,Female,Pallavaram
127,C051,60,4,2023-11-02,0 days 14:04:38,2023-11-03,0 days 19:25:01,Dhanbad,Diwali,1,14,19,November,Thursday,3308,827,50856,Ea Set,Sweets,827,Diwali,Ex omnis sit quibusdam.,Aradhya Batta,Female,Kota
128,C065,12,3,2023-03-06,0 days 16:50:28,2023-03-13,0 days 15:11:19,Kochi,Anniversary,7,16,15,March,Monday,2016,672,33684,Non Set,Plants,672,Anniversary,Fugiat id similique minima corrupti ut sint sapiente.,Badal Vora,Male,North Dumdum
129,C051,67,2,2023-02-17,0 days 05:21:30,2023-02-20,0 days 08:17:32,Ramgarh,Anniversary,3,5,8,February,Friday,2748,1374,50856,Maiores Box,Raksha Bandhan,1374,Anniversary,Earum quos enim minima.,Aradhya Batta,Female,Kota
130,C070,10,5,2023-04-22,0 days 13:32:41,2023-04-27,0 days 22:01:54,Darbhanga,Birthday,5,13,22,April,Saturday,1295,259,39355,Accusantium Gift,Cake,259,Birthday,Minima nobis repellendus distinctio a veritatis voluptate eaque.,Emir Gokhale,Male,Bhatpara
131,C078,3,5,2023-02-04,0 days 20:30:50,2023-02-11,0 days 08:29:03,Satara,Valentine's Day,7,20,8,February,Saturday,7670,1534,44597,Eius Gift,Colors,1534,Valentine's Day,Deserunt pariatur mollitia voluptatem.,Jivika Rajan,Female,Bhubaneswar
132,C045,49,4,2023-02-04,0 days 23:23:41,2023-02-13,0 days 19:55:48,Thoothukudi,Valentine's Day,9,23,19,February,Saturday,3612,903,61294,Voluptate Pack,Colors,903,Valentine's Day,Saepe ratione ab inventore dignissimos.,Divit Mahajan,Female,Maheshtala
133,C018,43,5,2023-11-10,0 days 15:51:54,2023-11-16,0 days 11:22:51,Tiruppur,Diwali,6,15,11,November,Friday,3750,750,33717,Quisquam Pack,Raksha Bandhan,750,Diwali,Odio incidunt tempore nesciunt.,Eva Vaidya,Male,Nizamabad
134,C036,69,5,2023-03-05,0 days 19:12:46,2023-03-14,0 days 04:58:29,Malda,Holi,9,19,4,March,Sunday,4990,998,34644,Id Box,Cake,998,Holi,Earum odio vitae mollitia autem.,Biju Bajwa,Female,Dibrugarh
135,C087,30,2,2023-12-13,0 days 10:20:09,2023-12-14,0 days 15:43:20,Bokaro,Anniversary,1,10,15,December,Wednesday,1502,751,47979,Recusandae Pack,Colors,751,Anniversary,Maxime exercitationem repellat veritatis a dolorem.,Rania Bhatt,Female,North Dumdum
136,C036,56,1,2023-09-05,0 days 16:08:59,2023-09-09,0 days 22:12:18,Guna,Anniversary,4,16,22,September,Tuesday,1272,1272,34644,Quia Gift,Raksha Bandhan,1272,Anniversary,Veniam expedita odit esse.,Biju Bajwa,Female,Dibrugarh
137,C070,47,2,2023-03-05,0 days 16:06:24,2023-03-11,0 days 07:29:21,Warangal,Holi,6,16,7,March,Sunday,3276,1638,39355,Harum Pack,Colors,1638,Holi,Maiores voluptates quam aspernatur magni distinctio provident.,Emir Gokhale,Male,Bhatpara
138,C022,57,4,2023-03-11,0 days 09:33:56,2023-03-18,0 days 06:02:40,Siliguri,Birthday,7,9,6,March,Saturday,6328,1582,40262,Voluptatem Box,Colors,1582,Birthday,Similique dolor saepe molestiae.,Ivana Rout,Male,Khandwa
139,C055,54,4,2023-05-11,0 days 04:14:45,2023-05-16,0 days 18:12:44,Amritsar,Anniversary,5,4,18,May,Thursday,4944,1236,46022,Occaecati Gift,Cake,1236,Anniversary,Ducimus possimus saepe totam impedit amet reprehenderit.,Umang Luthra,Male,Imphal
140,C015,47,1,2023-03-04,0 days 06:19:35,2023-03-13,0 days 21:29:35,Bharatpur,Holi,9,6,21,March,Saturday,1638,1638,22045,Harum Pack,Colors,1638,Holi,Maiores voluptates quam aspernatur magni distinctio provident.,Romil Bajwa,Female,Kolkata
141,C062,35,4,2023-02-28,0 days 03:55:06,2023-03-10,0 days 02:31:56,Allahabad,Holi,10,3,2,February,Tuesday,7460,1865,29721,Nam Gift,Colors,1865,Holi,Ab possimus tempore maiores nesciunt enim placeat excepturi.,Inaaya  Sarraf,Male,Nagpur
142,C029,23,2,2023-10-23,0 days 02:31:13,2023-10-27,0 days 04:24:16,Bharatpur,Anniversary,4,2,4,October,Monday,2196,1098,46420,Dignissimos Pack,Sweets,1098,Anniversary,Sunt laborum incidunt ad asperiores itaque minus placeat.,Badal Sathe,Female,Haridwar
143,C087,66,2,2023-02-28,0 days 07:37:18,2023-03-10,0 days 14:49:54,Ramagundam,Holi,10,7,14,February,Tuesday,1220,610,47979,Quas Box,Colors,610,Holi,Architecto debitis repellendus error ducimus quod quo.,Rania Bhatt,Female,North Dumdum
144,C090,51,5,2023-01-18,0 days 09:01:03,2023-01-23,0 days 03:23:15,Srinagar,All Occasions,5,9,3,January,Wednesday,5420,1084,32456,Fugit Set,Soft Toys,1084,All Occasions,Maiores hic veritatis corporis modi.,Drishya De,Female,Anantapuram
145,C055,59,5,2023-08-29,0 days 16:52:56,2023-09-03,0 days 13:04:25,Kumbakonam,Raksha Bandhan,5,16,13,August,Tuesday,4055,811,46022,Pariatur Box,Cake,811,Raksha Bandhan,Exercitationem occaecati quam aperiam.,Umang Luthra,Male,Imphal
146,C030,52,5,2023-02-13,0 days 18:23:55,2023-02-16,0 days 04:07:37,Vijayawada,Valentine's Day,3,18,4,February,Monday,1180,236,48097,Dolorum Box,Raksha Bandhan,236,Valentine's Day,Amet accusamus natus magni non recusandae.,Vardaniya Contractor,Male,Sambhal
147,C080,8,4,2023-03-17,0 days 19:28:15,2023-03-23,0 days 13:51:11,Jodhpur,Anniversary,6,19,13,March,Friday,1008,252,22226,Qui Box,Sweets,252,Anniversary,Praesentium necessitatibus quos esse neque.,Mohanlal Garde,Male,Bhopal
148,C046,24,3,2023-12-05,0 days 02:09:08,2023-12-07,0 days 08:57:38,Gopalpur,Birthday,2,2,8,December,Tuesday,1605,535,29150,Ad Box,Mugs,535,Birthday,Possimus perspiciatis nesciunt modi molestias.,Tara Kannan,Male,Guna
149,C008,5,3,2023-10-06,0 days 23:23:09,2023-10-09,0 days 20:09:12,Mangalore,All Occasions,3,23,20,October,Friday,4332,1444,50151,Natus Gift,Colors,1444,All Occasions,Quis occaecati reprehenderit facere tenetur illum exercitationem.,Veer Ray,Female,Chinsurah
150,C092,27,5,2023-08-26,0 days 07:18:17,2023-08-29,0 days 16:56:13,Bidar,Raksha Bandhan,3,7,16,August,Saturday,2740,548,42178,Architecto Gift,Cake,548,Raksha Bandhan,Odio quisquam inventore esse sed recusandae autem.,Zoya Mani,Male,Dibrugarh
151,C051,43,1,2023-11-03,0 days 21:42:26,2023-11-10,0 days 03:56:02,Jalna,Diwali,7,21,3,November,Friday,750,750,50856,Quisquam Pack,Raksha Bandhan,750,Diwali,Odio incidunt tempore nesciunt.,Aradhya Batta,Female,Kota
152,C084,51,2,2023-02-27,0 days 10:48:51,2023-03-05,0 days 16:39:22,Tiruppur,All Occasions,6,10,16,February,Monday,2168,1084,49100,Fugit Set,Soft Toys,1084,All Occasions,Maiores hic veritatis corporis modi.,Anahita Shankar,Male,Tiruchirappalli
153,C094,16,4,2023-03-04,0 days 12:15:00,2023-03-10,0 days 06:04:43,Rewa,Holi,6,12,6,March,Saturday,6884,1721,31041,Ut Pack,Sweets,1721,Holi,Quae occaecati laborum expedita perspiciatis consequatur ad.,Raghav Babu,Female,Deoghar
154,C049,45,5,2023-11-21,0 days 23:14:18,2023-11-25,0 days 02:04:59,Indore,Birthday,4,23,2,November,Tuesday,3610,722,38936,Iusto Set,Raksha Bandhan,722,Birthday,Adipisci quo laboriosam.,Aarush Balasubramanian,Female,Imphal
155,C023,23,3,2023-05-01,0 days 14:46:58,2023-05-06,0 days 00:00:30,Sambhal,Anniversary,5,14,0,May,Monday,3294,1098,41112,Dignissimos Pack,Sweets,1098,Anniversary,Sunt laborum incidunt ad asperiores itaque minus placeat.,Abram Sandhu,Male,Bidhannagar
156,C030,61,2,2023-02-09,0 days 08:20:50,2023-02-12,0 days 10:49:14,Ozhukarai,Anniversary,3,8,10,February,Thursday,1620,810,48097,Iusto Box,Plants,810,Anniversary,Sequi numquam rerum aspernatur aspernatur in.,Vardaniya Contractor,Male,Sambhal
157,C019,35,3,2023-02-26,0 days 12:44:17,2023-03-06,0 days 11:35:44,Thiruvananthapuram,Holi,8,12,11,February,Sunday,5595,1865,40031,Nam Gift,Colors,1865,Holi,Ab possimus tempore maiores nesciunt enim placeat excepturi.,Amira Sengupta,Male,Danapur
158,C007,35,2,2023-03-03,0 days 15:40:17,2023-03-08,0 days 02:53:01,Medininagar,Holi,5,15,2,March,Friday,3730,1865,34438,Nam Gift,Colors,1865,Holi,Ab possimus tempore maiores nesciunt enim placeat excepturi.,Jayant Kamdar,Male,Berhampore
159,C095,43,3,2023-11-09,0 days 21:31:39,2023-11-11,0 days 04:55:56,Davanagere,Diwali,2,21,4,November,Thursday,2250,750,45692,Quisquam Pack,Raksha Bandhan,750,Diwali,Odio incidunt tempore nesciunt.,Mahika Cherian,Female,Warangal
160,C037,36,3,2023-06-02,0 days 00:28:57,2023-06-10,0 days 07:52:59,Moradabad,Birthday,8,0,7,June,Friday,609,203,35693,Cum Gift,Plants,203,Birthday,Magni maiores ullam fugiat.,Aradhya Kumar,Male,Davanagere
161,C054,58,3,2023-02-13,0 days 03:08:06,2023-02-14,0 days 23:12:01,Karaikudi,Valentine's Day,1,3,23,February,Monday,4476,1492,28005,Sed Pack,Cake,1492,Valentine's Day,Reiciendis nam omnis vel explicabo amet perferendis.,Umang Ahuja,Female,Bidhannagar
162,C050,55,3,2023-08-27,0 days 06:14:31,2023-09-05,0 days 15:53:45,Barasat,Raksha Bandhan,9,6,15,August,Sunday,5712,1904,40896,Dolores Gift,Soft Toys,1904,Raksha Bandhan,Nobis sed corrupti cupiditate fugiat unde.,Chirag Srinivas,Female,Imphal
163,C083,54,4,2023-02-17,0 days 19:50:10,2023-02-25,0 days 10:20:16,Ujjain,Anniversary,8,19,10,February,Friday,4944,1236,42088,Occaecati Gift,Cake,1236,Anniversary,Ducimus possimus saepe totam impedit amet reprehenderit.,Aaryahi Sodhi,Male,Raurkela Industrial Township
164,C063,14,5,2023-04-25,0 days 02:04:02,2023-04-27,0 days 11:49:33,Berhampore,Birthday,2,2,11,April,Tuesday,9575,1915,43857,Deserunt Box,Colors,1915,Birthday,Incidunt hic vero esse saepe illum.,Arhaan Ahluwalia,Male,Jamnagar
165,C058,40,5,2023-08-06,0 days 13:11:16,2023-08-10,0 days 08:37:14,Lucknow,Anniversary,4,13,8,August,Sunday,9615,1923,35678,Provident Pack,Sweets,1923,Anniversary,Voluptate eaque accusamus nobis voluptatem accusamus.,Charvi Kanda,Male,Guntakal
166,C035,4,3,2023-11-07,0 days 23:05:28,2023-11-10,0 days 06:12:46,Madanapalle,Diwali,3,23,6,November,Tuesday,3597,1199,23064,Accusantium Set,Sweets,1199,Diwali,Corporis odio consequatur perferendis repellendus laudantium deserunt.,Ira Sarna,Male,Vellore
167,C019,37,4,2023-11-04,0 days 01:26:51,2023-11-07,0 days 15:16:27,Nangloi Jat,Diwali,3,1,15,November,Saturday,5712,1428,40031,Officiis Pack,Colors,1428,Diwali,Error facere quae cupiditate provident.,Amira Sengupta,Male,Danapur
168,C092,35,2,2023-03-04,0 days 15:36:03,2023-03-07,0 days 11:02:42,Bidar,Holi,3,15,11,March,Saturday,3730,1865,42178,Nam Gift,Colors,1865,Holi,Ab possimus tempore maiores nesciunt enim placeat excepturi.,Zoya Mani,Male,Dibrugarh
169,C051,3,2,2023-02-06,0 days 10:28:57,2023-02-16,0 days 01:26:19,Shivpuri,Valentine's Day,10,10,1,February,Monday,3068,1534,50856,Eius Gift,Colors,1534,Valentine's Day,Deserunt pariatur mollitia voluptatem.,Aradhya Batta,Female,Kota
170,C040,32,2,2023-03-21,0 days 11:58:13,2023-03-27,0 days 05:14:07,Kamarhati,Birthday,6,11,5,March,Tuesday,3584,1792,41660,Fuga Set,Soft Toys,1792,Birthday,Modi veniam vero dolores.,Hazel Mangat,Female,Pallavaram
171,C071,54,3,2023-06-30,0 days 11:47:49,2023-07-08,0 days 12:27:06,Tiruvottiyur,Anniversary,8,11,12,June,Friday,3708,1236,35825,Occaecati Gift,Cake,1236,Anniversary,Ducimus possimus saepe totam impedit amet reprehenderit.,Purab Sheth,Male,Tiruppur
172,C070,62,4,2023-03-03,0 days 04:40:04,2023-03-08,0 days 05:12:47,Patiala,Holi,5,4,5,March,Friday,5424,1356,39355,Sed Set,Colors,1356,Holi,Sequi et dolore et consectetur odit deleniti.,Emir Gokhale,Male,Bhatpara
173,C072,58,2,2023-02-07,0 days 23:15:37,2023-02-13,0 days 01:51:53,Deoghar,Valentine's Day,6,23,1,February,Tuesday,2984,1492,33067,Sed Pack,Cake,1492,Valentine's Day,Reiciendis nam omnis vel explicabo amet perferendis.,Charvi Karnik,Male,Hyderabad
174,C048,4,3,2023-11-03,0 days 15:39:20,2023-11-13,0 days 18:06:46,Malda,Diwali,10,15,18,November,Friday,3597,1199,24465,Accusantium Set,Sweets,1199,Diwali,Corporis odio consequatur perferendis repellendus laudantium deserunt.,Aradhya Kale,Male,Guntakal
175,C042,31,1,2023-10-13,0 days 01:17:47,2023-10-20,0 days 07:22:52,Navi Mumbai,All Occasions,7,1,7,October,Friday,1804,1804,28243,Nihil Box,Colors,1804,All Occasions,Eveniet sint molestiae.,Eshani Sharma,Male,Ajmer
176,C039,17,2,2023-03-10,0 days 03:34:46,2023-03-16,0 days 17:24:51,Moradabad,Anniversary,6,3,17,March,Friday,3798,1899,30237,Delectus Gift,Soft Toys,1899,Anniversary,Architecto beatae ullam ad sed dolorem voluptates est.,Kaira Bahl,Male,Kamarhati
177,C085,62,4,2023-03-05,0 days 01:49:12,2023-03-07,0 days 14:50:42,Satara,Holi,2,1,14,March,Sunday,5424,1356,23373,Sed Set,Colors,1356,Holi,Sequi et dolore et consectetur odit deleniti.,Bhamini Johal,Male,Raipur
178,C097,61,1,2023-11-14,0 days 23:04:31,2023-11-16,0 days 02:14:23,Bhilai,Anniversary,2,23,2,November,Tuesday,810,810,24253,Iusto Box,Plants,810,Anniversary,Sequi numquam rerum aspernatur aspernatur in.,Nakul Randhawa,Female,Sri Ganganagar
179,C078,47,3,2023-02-28,0 days 15:16:02,2023-03-10,0 days 14:31:07,Vijayanagaram,Holi,10,15,14,February,Tuesday,4914,1638,44597,Harum Pack,Colors,1638,Holi,Maiores voluptates quam aspernatur magni distinctio provident.,Jivika Rajan,Female,Bhubaneswar
180,C058,55,2,2023-08-24,0 days 16:40:33,2023-08-27,0 days 08:45:14,Nellore,Raksha Bandhan,3,16,8,August,Thursday,3808,1904,35678,Dolores Gift,Soft Toys,1904,Raksha Bandhan,Nobis sed corrupti cupiditate fugiat unde.,Charvi Kanda,Male,Guntakal
181,C064,10,4,2023-08-28,0 days 05:55:22,2023-09-06,0 days 04:53:28,Howrah,Birthday,9,5,4,August,Monday,1036,259,36991,Accusantium Gift,Cake,259,Birthday,Minima nobis repellendus distinctio a veritatis voluptate eaque.,Indrajit Kale,Male,Srikakulam
182,C070,2,1,2023-02-08,0 days 23:21:30,2023-02-15,0 days 06:07:33,Chennai,Valentine's Day,7,23,6,February,Wednesday,441,441,39355,Voluptas Box,Plants,441,Valentine's Day,At quaerat animi nemo.,Emir Gokhale,Male,Bhatpara
183,C082,48,3,2023-11-09,0 days 18:11:41,2023-11-11,0 days 15:29:26,Bahraich,Diwali,2,18,15,November,Thursday,1299,433,26728,Maiores Gift,Colors,433,Diwali,Repellendus quae iusto nostrum commodi adipisci.,Anya Chaudhari,Female,Ahmednagar
184,C027,52,3,2023-02-11,0 days 21:34:53,2023-02-20,0 days 05:00:29,Dharmavaram,Valentine's Day,9,21,5,February,Saturday,708,236,33149,Dolorum Box,Raksha Bandhan,236,Valentine's Day,Amet accusamus natus magni non recusandae.,Kashvi Sur,Female,Serampore
185,C068,18,1,2023-05-07,0 days 07:10:45,2023-05-17,0 days 20:00:43,Raurkela Industrial Township,Birthday,10,7,20,May,Sunday,781,781,25168,Nemo Set,Plants,781,Birthday,Perspiciatis nemo dolorem perspiciatis aspernatur.,Ritvik Garde,Male,Kalyan-Dombivli
186,C048,61,1,2023-05-09,0 days 09:09:44,2023-05-11,0 days 00:16:23,Kollam,Anniversary,2,9,0,May,Tuesday,810,810,24465,Iusto Box,Plants,810,Anniversary,Sequi numquam rerum aspernatur aspernatur in.,Aradhya Kale,Male,Guntakal
187,C008,49,5,2023-02-11,0 days 21:10:41,2023-02-16,0 days 09:34:09,Anantapur,Valentine's Day,5,21,9,February,Saturday,4515,903,50151,Voluptate Pack,Colors,903,Valentine's Day,Saepe ratione ab inventore dignissimos.,Veer Ray,Female,Chinsurah
188,C067,22,5,2023-09-18,0 days 01:38:33,2023-09-25,0 days 14:02:12,Serampore,All Occasions,7,1,14,September,Monday,8195,1639,38028,Exercitationem Pack,Soft Toys,1639,All Occasions,Iusto cum nostrum quasi dicta totam error.,Eva Sankaran,Male,Anand
189,C016,57,1,2023-11-19,0 days 17:22:19,2023-11-22,0 days 13:21:54,Srikakulam,Birthday,3,17,13,November,Sunday,1582,1582,37655,Voluptatem Box,Colors,1582,Birthday,Similique dolor saepe molestiae.,Amani Ganesh,Male,Tenali
190,C096,60,5,2023-11-09,0 days 12:33:49,2023-11-13,0 days 13:41:24,Darbhanga,Diwali,4,12,13,November,Thursday,4135,827,12240,Ea Set,Sweets,827,Diwali,Ex omnis sit quibusdam.,Kavya Reddy,Male,Medininagar
191,C012,24,3,2023-10-12,0 days 18:13:06,2023-10-17,0 days 08:50:02,Etawah,Birthday,5,18,8,October,Thursday,1605,535,23591,Ad Box,Mugs,535,Birthday,Possimus perspiciatis nesciunt modi molestias.,Onkar Mangat,Male,Bilaspur
192,C060,64,5,2023-08-20,0 days 12:28:32,2023-08-21,0 days 02:11:18,Vijayanagaram,Raksha Bandhan,1,12,2,August,Sunday,9390,1878,45635,Nostrum Box,Soft Toys,1878,Raksha Bandhan,Illo laboriosam at delectus.,Riya Wagle,Male,Satara
193,C038,42,4,2023-08-16,0 days 23:44:29,2023-08-19,0 days 02:34:02,Nanded,All Occasions,3,23,2,August,Wednesday,6976,1744,40160,Expedita Gift,Sweets,1744,All Occasions,Necessitatibus cum dolores alias sed.,Yakshit Shah,Female,Aizawl
194,C030,58,4,2023-02-08,0 days 11:41:29,2023-02-09,0 days 04:54:30,Pondicherry,Valentine's Day,1,11,4,February,Wednesday,5968,1492,48097,Sed Pack,Cake,1492,Valentine's Day,Reiciendis nam omnis vel explicabo amet perferendis.,Vardaniya Contractor,Male,Sambhal
195,C037,67,5,2023-04-10,0 days 05:33:53,2023-04-17,0 days 07:51:40,Jamalpur,Anniversary,7,5,7,April,Monday,6870,1374,35693,Maiores Box,Raksha Bandhan,1374,Anniversary,Earum quos enim minima.,Aradhya Kumar,Male,Davanagere
196,C063,30,2,2023-08-05,0 days 09:37:50,2023-08-13,0 days 08:58:06,Begusarai,Anniversary,8,9,8,August,Saturday,1502,751,43857,Recusandae Pack,Colors,751,Anniversary,Maxime exercitationem repellat veritatis a dolorem.,Arhaan Ahluwalia,Male,Jamnagar
197,C095,45,2,2023-03-22,0 days 18:38:42,2023-03-26,0 days 03:30:06,Etawah,Birthday,4,18,3,March,Wednesday,1444,722,45692,Iusto Set,Raksha Bandhan,722,Birthday,Adipisci quo laboriosam.,Mahika Cherian,Female,Warangal
198,C090,24,2,2023-08-27,0 days 22:33:37,2023-09-04,0 days 01:09:50,Phagwara,Birthday,8,22,1,August,Sunday,1070,535,32456,Ad Box,Mugs,535,Birthday,Possimus perspiciatis nesciunt modi molestias.,Drishya De,Female,Anantapuram
199,C093,70,5,2023-08-16,0 days 01:54:30,2023-08-19,0 days 16:24:59,Bareilly,Birthday,3,1,16,August,Wednesday,4330,866,34849,Error Gift,Sweets,866,Birthday,Debitis provident illo aliquam debitis.,Mamooty Bawa,Male,Tumkur
200,C067,23,5,2023-01-03,0 days 20:04:16,2023-01-08,0 days 23:18:52,Agartala,Anniversary,5,20,23,January,Tuesday,5490,1098,38028,Dignissimos Pack,Sweets,1098,Anniversary,Sunt laborum incidunt ad asperiores itaque minus placeat.,Eva Sankaran,Male,Anand
201,C004,55,4,2023-08-24,0 days 04:40:14,2023-08-30,0 days 03:52:28,Dewas,Raksha Bandhan,6,4,3,August,Thursday,7616,1904,35894,Dolores Gift,Soft Toys,1904,Raksha Bandhan,Nobis sed corrupti cupiditate fugiat unde.,Tarini Bava,Male,Miryalaguda
202,C089,36,5,2023-07-27,0 days 08:13:48,2023-08-01,0 days 03:02:01,Bhimavaram,Birthday,5,8,3,July,Thursday,1015,203,43844,Cum Gift,Plants,203,Birthday,Magni maiores ullam fugiat.,Oorja Dey,Female,Nellore
203,C039,9,5,2023-08-29,0 days 05:39:00,2023-09-08,0 days 22:40:14,Vijayanagaram,Raksha Bandhan,10,5,22,August,Tuesday,8025,1605,30237,Aperiam Box,Colors,1605,Raksha Bandhan,Explicabo totam quaerat a quaerat ducimus officia.,Kaira Bahl,Male,Kamarhati
204,C062,10,4,2023-07-03,0 days 10:46:43,2023-07-09,0 days 06:29:03,Jaipur,Birthday,6,10,6,July,Monday,1036,259,29721,Accusantium Gift,Cake,259,Birthday,Minima nobis repellendus distinctio a veritatis voluptate eaque.,Inaaya  Sarraf,Male,Nagpur
205,C022,46,5,2023-07-06,0 days 05:17:21,2023-07-09,0 days 11:47:12,Davanagere,Anniversary,3,5,11,July,Thursday,3790,758,40262,Pariatur Set,Cake,758,Anniversary,In nesciunt maxime nobis officiis dicta.,Ivana Rout,Male,Khandwa
206,C099,68,3,2023-02-11,0 days 22:12:16,2023-02-13,0 days 12:42:01,Ulhasnagar,Valentine's Day,2,22,12,February,Saturday,1791,597,53082,Quas Gift,Soft Toys,597,Valentine's Day,Enim non fugit reprehenderit minima.,Ranbir Loyal,Female,Dhanbad
207,C078,6,2,2023-03-05,0 days 01:13:16,2023-03-07,0 days 12:15:56,Amravati,Holi,2,1,12,March,Sunday,2224,1112,44597,Quos Box,Cake,1112,Holi,Eum deleniti adipisci vero neque.,Jivika Rajan,Female,Bhubaneswar
208,C001,18,5,2023-04-02,0 days 04:30:47,2023-04-12,0 days 07:06:36,Kulti,Birthday,10,4,7,April,Sunday,3905,781,9095,Nemo Set,Plants,781,Birthday,Perspiciatis nemo dolorem perspiciatis aspernatur.,Tara Krishnan,Female,Panchkula
209,C071,70,2,2023-06-22,0 days 00:44:32,2023-06-23,0 days 21:44:32,Hajipur,Birthday,1,0,21,June,Thursday,1732,866,35825,Error Gift,Sweets,866,Birthday,Debitis provident illo aliquam debitis.,Purab Sheth,Male,Tiruppur
210,C095,32,4,2023-12-10,0 days 00:46:32,2023-12-15,0 days 08:02:35,Aligarh,Birthday,5,0,8,December,Sunday,7168,1792,45692,Fuga Set,Soft Toys,1792,Birthday,Modi veniam vero dolores.,Mahika Cherian,Female,Warangal
211,C043,31,5,2023-10-22,0 days 18:14:59,2023-10-29,0 days 17:40:03,Orai,All Occasions,7,18,17,October,Sunday,9020,1804,28053,Nihil Box,Colors,1804,All Occasions,Eveniet sint molestiae.,Yasmin Sheth,Female,Vellore
212,C093,7,2,2023-02-28,0 days 07:14:40,2023-03-05,0 days 20:01:45,Ozhukarai,Holi,5,7,20,February,Tuesday,818,409,34849,Quos Set,Soft Toys,409,Holi,Sint accusamus veritatis exercitationem corporis.,Mamooty Bawa,Male,Tumkur
213,C022,42,5,2023-02-14,0 days 08:26:18,2023-02-24,0 days 08:58:11,Dehradun,All Occasions,10,8,8,February,Tuesday,8720,1744,40262,Expedita Gift,Sweets,1744,All Occasions,Necessitatibus cum dolores alias sed.,Ivana Rout,Male,Khandwa
214,C099,13,3,2023-03-01,0 days 07:49:55,2023-03-07,0 days 08:27:25,Durgapur,Holi,6,7,8,March,Wednesday,3423,1141,53082,Et Set,Mugs,1141,Holi,Eius praesentium ipsum autem.,Ranbir Loyal,Female,Dhanbad
215,C098,17,1,2023-05-21,0 days 03:54:26,2023-05-24,0 days 12:37:34,Katni,Anniversary,3,3,12,May,Sunday,1899,1899,40556,Delectus Gift,Soft Toys,1899,Anniversary,Architecto beatae ullam ad sed dolorem voluptates est.,Navya Golla,Male,Cuttack
216,C004,23,1,2023-10-03,0 days 15:46:35,2023-10-08,0 days 20:46:28,Bhatpara,Anniversary,5,15,20,October,Tuesday,1098,1098,35894,Dignissimos Pack,Sweets,1098,Anniversary,Sunt laborum incidunt ad asperiores itaque minus placeat.,Tarini Bava,Male,Miryalaguda
217,C042,53,4,2023-08-27,0 days 03:04:34,2023-08-30,0 days 16:42:19,Rajkot,Raksha Bandhan,3,3,16,August,Sunday,6688,1672,28243,Ipsam Set,Sweets,1672,Raksha Bandhan,Deleniti aspernatur pariatur laudantium nihil at.,Eshani Sharma,Male,Ajmer
218,C061,31,4,2023-06-13,0 days 22:55:11,2023-06-16,0 days 03:06:01,Gurgaon,All Occasions,3,22,3,June,Tuesday,7216,1804,50313,Nihil Box,Colors,1804,All Occasions,Eveniet sint molestiae.,Akarsh Ramesh,Female,Kavali
219,C027,16,5,2023-03-05,0 days 00:36:07,2023-03-11,0 days 10:36:05,Bhimavaram,Holi,6,0,10,March,Sunday,8605,1721,33149,Ut Pack,Sweets,1721,Holi,Quae occaecati laborum expedita perspiciatis consequatur ad.,Kashvi Sur,Female,Serampore
220,C001,26,3,2023-03-06,0 days 12:26:54,2023-03-15,0 days 14:41:52,Jalandhar,Holi,9,12,14,March,Monday,867,289,9095,Aliquam Box,Colors,289,Holi,Sunt repellendus quidem laborum provident voluptas ut nisi.,Tara Krishnan,Female,Panchkula
221,C076,28,4,2023-08-21,0 days 02:11:04,2023-08-30,0 days 14:00:35,Naihati,Raksha Bandhan,9,2,14,August,Monday,7112,1778,25892,Velit Set,Sweets,1778,Raksha Bandhan,Quidem sit facilis consequuntur iusto dignissimos exercitationem.,Oorja Dayal,Female,Gaya
222,C099,6,5,2023-02-26,0 days 05:57:25,2023-03-07,0 days 18:20:50,Guntur,Holi,9,5,18,February,Sunday,5560,1112,53082,Quos Box,Cake,1112,Holi,Eum deleniti adipisci vero neque.,Ranbir Loyal,Female,Dhanbad
223,C051,49,2,2023-02-05,0 days 08:44:25,2023-02-13,0 days 10:17:59,Bhalswa Jahangir Pur,Valentine's Day,8,8,10,February,Sunday,1806,903,50856,Voluptate Pack,Colors,903,Valentine's Day,Saepe ratione ab inventore dignissimos.,Aradhya Batta,Female,Kota
224,C028,34,1,2023-08-24,0 days 21:01:58,2023-08-29,0 days 02:06:40,Suryapet,Raksha Bandhan,5,21,2,August,Thursday,1335,1335,37013,Placeat Pack,Soft Toys,1335,Raksha Bandhan,Illo in quas at rem.,Hridaan Rajagopalan,Female,Noida
225,C093,52,5,2023-02-05,0 days 12:12:26,2023-02-06,0 days 18:01:06,Arrah,Valentine's Day,1,12,18,February,Sunday,1180,236,34849,Dolorum Box,Raksha Bandhan,236,Valentine's Day,Amet accusamus natus magni non recusandae.,Mamooty Bawa,Male,Tumkur
226,C064,14,2,2023-09-08,0 days 08:48:50,2023-09-12,0 days 11:20:36,Hospet,Birthday,4,8,11,September,Friday,3830,1915,36991,Deserunt Box,Colors,1915,Birthday,Incidunt hic vero esse saepe illum.,Indrajit Kale,Male,Srikakulam
227,C004,24,4,2023-12-25,0 days 18:50:42,2023-12-26,0 days 14:09:44,Surat,Birthday,1,18,14,December,Monday,2140,535,35894,Ad Box,Mugs,535,Birthday,Possimus perspiciatis nesciunt modi molestias.,Tarini Bava,Male,Miryalaguda
228,C035,36,1,2023-03-10,0 days 18:40:52,2023-03-11,0 days 10:30:00,Bijapur,Birthday,1,18,10,March,Friday,203,203,23064,Cum Gift,Plants,203,Birthday,Magni maiores ullam fugiat.,Ira Sarna,Male,Vellore
229,C079,49,3,2023-02-11,0 days 20:55:38,2023-02-20,0 days 09:32:50,Junagadh,Valentine's Day,9,20,9,February,Saturday,2709,903,21593,Voluptate Pack,Colors,903,Valentine's Day,Saepe ratione ab inventore dignissimos.,Vedika Sankaran,Female,Bhilai
230,C053,64,3,2023-08-27,0 days 08:27:50,2023-09-01,0 days 01:35:49,Mehsana,Raksha Bandhan,5,8,1,August,Sunday,5634,1878,32732,Nostrum Box,Soft Toys,1878,Raksha Bandhan,Illo laboriosam at delectus.,Kismat Kapadia,Female,Bharatpur
231,C093,64,3,2023-08-24,0 days 09:15:18,2023-08-28,0 days 21:13:01,Proddatur,Raksha Bandhan,4,9,21,August,Thursday,5634,1878,34849,Nostrum Box,Soft Toys,1878,Raksha Bandhan,Illo laboriosam at delectus.,Mamooty Bawa,Male,Tumkur
232,C044,28,3,2023-08-22,0 days 12:06:09,2023-08-23,0 days 09:00:02,Nadiad,Raksha Bandhan,1,12,9,August,Tuesday,5334,1778,70409,Velit Set,Sweets,1778,Raksha Bandhan,Quidem sit facilis consequuntur iusto dignissimos exercitationem.,Seher Mann,Male,Agra
233,C098,64,4,2023-08-26,0 days 22:15:19,2023-08-30,0 days 04:07:39,Nizamabad,Raksha Bandhan,4,22,4,August,Saturday,7512,1878,40556,Nostrum Box,Soft Toys,1878,Raksha Bandhan,Illo laboriosam at delectus.,Navya Golla,Male,Cuttack
234,C097,42,1,2023-03-24,0 days 21:18:12,2023-04-01,0 days 00:36:53,Khandwa,All Occasions,8,21,0,March,Friday,1744,1744,24253,Expedita Gift,Sweets,1744,All Occasions,Necessitatibus cum dolores alias sed.,Nakul Randhawa,Female,Sri Ganganagar
235,C071,56,2,2023-02-26,0 days 14:26:46,2023-03-03,0 days 23:26:23,Bhilai,Anniversary,5,14,23,February,Sunday,2544,1272,35825,Quia Gift,Raksha Bandhan,1272,Anniversary,Veniam expedita odit esse.,Purab Sheth,Male,Tiruppur
236,C044,23,5,2023-09-03,0 days 06:33:52,2023-09-11,0 days 02:10:18,Panvel,Anniversary,8,6,2,September,Sunday,5490,1098,70409,Dignissimos Pack,Sweets,1098,Anniversary,Sunt laborum incidunt ad asperiores itaque minus placeat.,Seher Mann,Male,Agra
237,C024,55,1,2023-08-26,0 days 09:23:53,2023-08-30,0 days 08:19:20,Sasaram,Raksha Bandhan,4,9,8,August,Saturday,1904,1904,59666,Dolores Gift,Soft Toys,1904,Raksha Bandhan,Nobis sed corrupti cupiditate fugiat unde.,Jhanvi Chowdhury,Female,Kavali
238,C083,26,4,2023-03-05,0 days 07:56:43,2023-03-11,0 days 20:18:17,Jammu,Holi,6,7,20,March,Sunday,1156,289,42088,Aliquam Box,Colors,289,Holi,Sunt repellendus quidem laborum provident voluptas ut nisi.,Aaryahi Sodhi,Male,Raurkela Industrial Township
239,C088,27,3,2023-08-29,0 days 08:33:45,2023-09-06,0 days 13:23:08,Gurgaon,Raksha Bandhan,8,8,13,August,Tuesday,1644,548,39375,Architecto Gift,Cake,548,Raksha Bandhan,Odio quisquam inventore esse sed recusandae autem.,Shalv Kulkarni,Female,Khora 
240,C074,5,5,2023-03-25,0 days 06:03:38,2023-03-30,0 days 15:43:28,Darbhanga,All Occasions,5,6,15,March,Saturday,7220,1444,29303,Natus Gift,Colors,1444,All Occasions,Quis occaecati reprehenderit facere tenetur illum exercitationem.,Vanya Apte,Female,Sultan Pur Majra
241,C067,20,2,2023-09-05,0 days 09:52:16,2023-09-07,0 days 08:58:21,Indore,Anniversary,2,9,8,September,Tuesday,1394,697,38028,Reiciendis Box,Colors,697,Anniversary,Molestias earum quam dolor.,Eva Sankaran,Male,Anand
242,C012,21,1,2023-08-23,0 days 10:24:46,2023-08-31,0 days 16:02:32,Amroha,Raksha Bandhan,8,10,16,August,Wednesday,1561,1561,23591,Quia Gift,Colors,1561,Raksha Bandhan,Autem necessitatibus perferendis consequatur suscipit iste harum sint.,Onkar Mangat,Male,Bilaspur
243,C043,3,1,2023-02-05,0 days 20:50:37,2023-02-10,0 days 12:30:54,Siwan,Valentine's Day,5,20,12,February,Sunday,1534,1534,28053,Eius Gift,Colors,1534,Valentine's Day,Deserunt pariatur mollitia voluptatem.,Yasmin Sheth,Female,Vellore
244,C041,65,3,2023-03-20,0 days 15:06:01,2023-03-30,0 days 07:06:40,Guntakal,All Occasions,10,15,7,March,Monday,5685,1895,41595,Error Gift,Raksha Bandhan,1895,All Occasions,Ratione alias nam dignissimos ullam.,Rati Dhingra,Male,Karaikudi
245,C020,50,3,2023-03-05,0 days 06:25:26,2023-03-11,0 days 09:30:30,Noida,Holi,6,6,9,March,Sunday,1266,422,75029,Eligendi Set,Plants,422,Holi,Consectetur illum pariatur totam fugit eum eaque.,Samaira Ganesh,Male,Machilipatnam
246,C017,69,5,2023-02-28,0 days 23:24:33,2023-03-08,0 days 00:38:49,Agra,Holi,8,23,0,February,Tuesday,4990,998,42855,Id Box,Cake,998,Holi,Earum odio vitae mollitia autem.,Advika Dhar,Male,Gangtok
247,C052,23,4,2023-10-11,0 days 05:58:48,2023-10-16,0 days 02:58:46,Gudivada,Anniversary,5,5,2,October,Wednesday,4392,1098,40731,Dignissimos Pack,Sweets,1098,Anniversary,Sunt laborum incidunt ad asperiores itaque minus placeat.,Vardaniya Apte,Male,Dhanbad
248,C044,19,5,2023-02-08,0 days 08:43:41,2023-02-10,0 days 04:15:01,Alwar,Valentine's Day,2,8,4,February,Wednesday,6170,1234,70409,Iure Gift,Mugs,1234,Valentine's Day,Autem quaerat tempore quasi ipsam.,Seher Mann,Male,Agra
249,C003,14,2,2023-09-10,0 days 22:22:16,2023-09-19,0 days 23:17:36,Bareilly,Birthday,9,22,23,September,Sunday,3830,1915,34871,Deserunt Box,Colors,1915,Birthday,Incidunt hic vero esse saepe illum.,Jayesh Lanka,Male,Bilaspur
250,C086,37,5,2023-11-08,0 days 15:07:27,2023-11-09,0 days 01:32:06,Korba,Diwali,1,15,1,November,Wednesday,7140,1428,16532,Officiis Pack,Colors,1428,Diwali,Error facere quae cupiditate provident.,Ivana Amble,Female,Purnia
251,C051,7,4,2023-02-28,0 days 00:31:48,2023-03-02,0 days 00:19:44,Khora ,Holi,2,0,0,February,Tuesday,1636,409,50856,Quos Set,Soft Toys,409,Holi,Sint accusamus veritatis exercitationem corporis.,Aradhya Batta,Female,Kota
252,C040,69,2,2023-02-26,0 days 05:41:28,2023-02-28,0 days 08:11:16,Nandyal,Holi,2,5,8,February,Sunday,1996,998,41660,Id Box,Cake,998,Holi,Earum odio vitae mollitia autem.,Hazel Mangat,Female,Pallavaram
253,C010,68,2,2023-02-12,0 days 14:24:46,2023-02-14,0 days 05:39:27,Bangalore,Valentine's Day,2,14,5,February,Sunday,1194,597,24931,Quas Gift,Soft Toys,597,Valentine's Day,Enim non fugit reprehenderit minima.,Darshit Dave,Male,Kanpur
254,C093,1,5,2023-07-07,0 days 00:09:44,2023-07-15,0 days 05:27:49,Bhilai,All Occasions,8,0,5,July,Friday,9675,1935,34849,Magnam Set,Soft Toys,1935,All Occasions,Quam numquam iste sunt nemo.,Mamooty Bawa,Male,Tumkur
255,C092,45,2,2023-12-27,0 days 03:42:35,2024-01-06,0 days 09:23:14,Suryapet,Birthday,10,3,9,December,Wednesday,1444,722,42178,Iusto Set,Raksha Bandhan,722,Birthday,Adipisci quo laboriosam.,Zoya Mani,Male,Dibrugarh
256,C065,4,5,2023-11-06,0 days 19:13:49,2023-11-14,0 days 18:05:55,Suryapet,Diwali,8,19,18,November,Monday,5995,1199,33684,Accusantium Set,Sweets,1199,Diwali,Corporis odio consequatur perferendis repellendus laudantium deserunt.,Badal Vora,Male,North Dumdum
257,C077,21,3,2023-08-22,0 days 15:42:59,2023-08-24,0 days 22:39:39,Chinsurah,Raksha Bandhan,2,15,22,August,Tuesday,4683,1561,48915,Quia Gift,Colors,1561,Raksha Bandhan,Autem necessitatibus perferendis consequatur suscipit iste harum sint.,Gokul Ahluwalia,Female,Panchkula
258,C044,46,5,2023-04-16,0 days 05:40:39,2023-04-20,0 days 20:05:32,Vijayawada,Anniversary,4,5,20,April,Sunday,3790,758,70409,Pariatur Set,Cake,758,Anniversary,In nesciunt maxime nobis officiis dicta.,Seher Mann,Male,Agra
259,C001,62,1,2023-03-05,0 days 15:21:54,2023-03-10,0 days 00:04:01,Sirsa,Holi,5,15,0,March,Sunday,1356,1356,9095,Sed Set,Colors,1356,Holi,Sequi et dolore et consectetur odit deleniti.,Tara Krishnan,Female,Panchkula
260,C100,69,5,2023-03-06,0 days 13:06:11,2023-03-16,0 days 22:22:30,Satara,Holi,10,13,22,March,Monday,4990,998,34509,Id Box,Cake,998,Holi,Earum odio vitae mollitia autem.,Pranay Chaudhary,Female,Phagwara
261,C041,37,3,2023-11-06,0 days 14:03:50,2023-11-12,0 days 20:17:47,Malegaon,Diwali,6,14,20,November,Monday,4284,1428,41595,Officiis Pack,Colors,1428,Diwali,Error facere quae cupiditate provident.,Rati Dhingra,Male,Karaikudi
262,C038,49,3,2023-02-07,0 days 08:05:16,2023-02-11,0 days 01:06:57,Tirunelveli,Valentine's Day,4,8,1,February,Tuesday,2709,903,40160,Voluptate Pack,Colors,903,Valentine's Day,Saepe ratione ab inventore dignissimos.,Yakshit Shah,Female,Aizawl
263,C081,57,4,2023-03-12,0 days 09:35:10,2023-03-13,0 days 15:22:01,Chittoor,Birthday,1,9,15,March,Sunday,6328,1582,22223,Voluptatem Box,Colors,1582,Birthday,Similique dolor saepe molestiae.,Kaira Ramachandran,Male,Ratlam
264,C010,52,3,2023-02-09,0 days 05:35:19,2023-02-18,0 days 15:43:46,Asansol,Valentine's Day,9,5,15,February,Thursday,708,236,24931,Dolorum Box,Raksha Bandhan,236,Valentine's Day,Amet accusamus natus magni non recusandae.,Darshit Dave,Male,Kanpur
265,C060,58,1,2023-02-10,0 days 21:17:18,2023-02-18,0 days 06:28:33,Gudivada,Valentine's Day,8,21,6,February,Friday,1492,1492,45635,Sed Pack,Cake,1492,Valentine's Day,Reiciendis nam omnis vel explicabo amet perferendis.,Riya Wagle,Male,Satara
266,C038,36,1,2023-05-12,0 days 13:46:56,2023-05-13,0 days 19:20:09,Sonipat,Birthday,1,13,19,May,Friday,203,203,40160,Cum Gift,Plants,203,Birthday,Magni maiores ullam fugiat.,Yakshit Shah,Female,Aizawl
267,C055,35,3,2023-03-04,0 days 13:38:57,2023-03-12,0 days 03:52:00,Chandrapur,Holi,8,13,3,March,Saturday,5595,1865,46022,Nam Gift,Colors,1865,Holi,Ab possimus tempore maiores nesciunt enim placeat excepturi.,Umang Luthra,Male,Imphal
268,C053,38,1,2023-08-14,0 days 07:45:59,2023-08-23,0 days 16:53:30,Katni,Birthday,9,7,16,August,Monday,562,562,32732,Mollitia Set,Cake,562,Birthday,Eaque deserunt possimus alias sint odit facere.,Kismat Kapadia,Female,Bharatpur
269,C024,36,1,2023-10-25,0 days 01:12:12,2023-10-26,0 days 17:58:13,Raebareli,Birthday,1,1,17,October,Wednesday,203,203,59666,Cum Gift,Plants,203,Birthday,Magni maiores ullam fugiat.,Jhanvi Chowdhury,Female,Kavali
270,C084,21,5,2023-08-22,0 days 20:21:29,2023-09-01,0 days 16:03:59,Avadi,Raksha Bandhan,10,20,16,August,Tuesday,7805,1561,49100,Quia Gift,Colors,1561,Raksha Bandhan,Autem necessitatibus perferendis consequatur suscipit iste harum sint.,Anahita Shankar,Male,Tiruchirappalli
271,C039,36,5,2023-06-23,0 days 18:27:42,2023-06-30,0 days 18:20:05,Patna,Birthday,7,18,18,June,Friday,1015,203,30237,Cum Gift,Plants,203,Birthday,Magni maiores ullam fugiat.,Kaira Bahl,Male,Kamarhati
272,C016,12,1,2023-04-08,0 days 09:40:05,2023-04-18,0 days 20:13:56,Kumbakonam,Anniversary,10,9,20,April,Saturday,672,672,37655,Non Set,Plants,672,Anniversary,Fugiat id similique minima corrupti ut sint sapiente.,Amani Ganesh,Male,Tenali
273,C047,10,2,2023-11-22,0 days 16:12:35,2023-11-24,0 days 01:52:48,Moradabad,Birthday,2,16,1,November,Wednesday,518,259,28829,Accusantium Gift,Cake,259,Birthday,Minima nobis repellendus distinctio a veritatis voluptate eaque.,Bhamini Ravi,Male,Jorhat
274,C078,41,5,2023-11-02,0 days 06:37:51,2023-11-12,0 days 20:53:36,Raebareli,Diwali,10,6,20,November,Thursday,9885,1977,44597,Aut Box,Sweets,1977,Diwali,Ab quisquam nobis ducimus.,Jivika Rajan,Female,Bhubaneswar
275,C028,29,1,2023-03-02,0 days 04:13:47,2023-03-05,0 days 01:17:39,Ranchi,Holi,3,4,1,March,Thursday,1252,1252,37013,In Set,Colors,1252,Holi,Occaecati impedit incidunt qui.,Hridaan Rajagopalan,Female,Noida
276,C065,15,2,2023-05-28,0 days 01:34:06,2023-06-01,0 days 07:05:33,Muzaffarpur,Anniversary,4,1,7,May,Sunday,2976,1488,33684,Repudiandae Box,Raksha Bandhan,1488,Anniversary,Consequuntur placeat quia voluptate esse consectetur accusamus nemo.,Badal Vora,Male,North Dumdum
277,C062,34,5,2023-08-23,0 days 19:16:40,2023-08-29,0 days 15:50:18,Bhilai,Raksha Bandhan,6,19,15,August,Wednesday,6675,1335,29721,Placeat Pack,Soft Toys,1335,Raksha Bandhan,Illo in quas at rem.,Inaaya  Sarraf,Male,Nagpur
278,C044,1,2,2023-06-20,0 days 23:33:52,2023-06-24,0 days 05:42:44,Ballia,All Occasions,4,23,5,June,Tuesday,3870,1935,70409,Magnam Set,Soft Toys,1935,All Occasions,Quam numquam iste sunt nemo.,Seher Mann,Male,Agra
279,C067,23,4,2023-11-24,0 days 09:14:46,2023-11-26,0 days 17:51:23,Chinsurah,Anniversary,2,9,17,November,Friday,4392,1098,38028,Dignissimos Pack,Sweets,1098,Anniversary,Sunt laborum incidunt ad asperiores itaque minus placeat.,Eva Sankaran,Male,Anand
280,C003,19,3,2023-02-07,0 days 17:44:47,2023-02-12,0 days 16:31:05,Mangalore,Valentine's Day,5,17,16,February,Tuesday,3702,1234,34871,Iure Gift,Mugs,1234,Valentine's Day,Autem quaerat tempore quasi ipsam.,Jayesh Lanka,Male,Bilaspur
281,C008,15,3,2023-09-21,0 days 20:36:47,2023-09-25,0 days 10:27:14,Nellore,Anniversary,4,20,10,September,Thursday,4464,1488,50151,Repudiandae Box,Raksha Bandhan,1488,Anniversary,Consequuntur placeat quia voluptate esse consectetur accusamus nemo.,Veer Ray,Female,Chinsurah
282,C092,41,2,2023-11-11,0 days 10:20:49,2023-11-19,0 days 22:11:40,Mangalore,Diwali,8,10,22,November,Saturday,3954,1977,42178,Aut Box,Sweets,1977,Diwali,Ab quisquam nobis ducimus.,Zoya Mani,Male,Dibrugarh
283,C086,23,2,2023-11-23,0 days 02:51:34,2023-11-30,0 days 18:21:40,Erode,Anniversary,7,2,18,November,Thursday,2196,1098,16532,Dignissimos Pack,Sweets,1098,Anniversary,Sunt laborum incidunt ad asperiores itaque minus placeat.,Ivana Amble,Female,Purnia
284,C057,17,1,2023-08-10,0 days 16:13:04,2023-08-16,0 days 11:21:57,Aurangabad,Anniversary,6,16,11,August,Thursday,1899,1899,28825,Delectus Gift,Soft Toys,1899,Anniversary,Architecto beatae ullam ad sed dolorem voluptates est.,Zain Hegde,Female,Delhi
285,C082,7,5,2023-02-26,0 days 17:26:44,2023-03-01,0 days 12:52:20,Tirunelveli,Holi,3,17,12,February,Sunday,2045,409,26728,Quos Set,Soft Toys,409,Holi,Sint accusamus veritatis exercitationem corporis.,Anya Chaudhari,Female,Ahmednagar
286,C098,50,3,2023-03-06,0 days 20:05:40,2023-03-12,0 days 02:41:27,Mango,Holi,6,20,2,March,Monday,1266,422,40556,Eligendi Set,Plants,422,Holi,Consectetur illum pariatur totam fugit eum eaque.,Navya Golla,Male,Cuttack
287,C011,7,5,2023-03-03,0 days 04:54:04,2023-03-06,0 days 15:39:57,Muzaffarnagar,Holi,3,4,15,March,Friday,2045,409,15042,Quos Set,Soft Toys,409,Holi,Sint accusamus veritatis exercitationem corporis.,Lagan Kapoor,Female,Orai
288,C035,34,2,2023-08-21,0 days 15:58:58,2023-08-23,0 days 20:42:36,Ballia,Raksha Bandhan,2,15,20,August,Monday,2670,1335,23064,Placeat Pack,Soft Toys,1335,Raksha Bandhan,Illo in quas at rem.,Ira Sarna,Male,Vellore
289,C018,30,4,2023-08-29,0 days 23:40:01,2023-09-06,0 days 02:50:06,Imphal,Anniversary,8,23,2,August,Tuesday,3004,751,33717,Recusandae Pack,Colors,751,Anniversary,Maxime exercitationem repellat veritatis a dolorem.,Eva Vaidya,Male,Nizamabad
290,C079,69,3,2023-03-06,0 days 10:27:18,2023-03-10,0 days 14:33:34,Alwar,Holi,4,10,14,March,Monday,2994,998,21593,Id Box,Cake,998,Holi,Earum odio vitae mollitia autem.,Vedika Sankaran,Female,Bhilai
291,C072,49,2,2023-02-10,0 days 00:12:40,2023-02-11,0 days 22:52:51,Nadiad,Valentine's Day,1,0,22,February,Friday,1806,903,33067,Voluptate Pack,Colors,903,Valentine's Day,Saepe ratione ab inventore dignissimos.,Charvi Karnik,Male,Hyderabad
292,C053,54,1,2023-09-27,0 days 22:43:35,2023-10-03,0 days 01:44:47,Howrah,Anniversary,6,22,1,September,Wednesday,1236,1236,32732,Occaecati Gift,Cake,1236,Anniversary,Ducimus possimus saepe totam impedit amet reprehenderit.,Kismat Kapadia,Female,Bharatpur
293,C003,1,4,2023-09-04,0 days 04:03:47,2023-09-09,0 days 18:10:36,Tezpur,All Occasions,5,4,18,September,Monday,7740,1935,34871,Magnam Set,Soft Toys,1935,All Occasions,Quam numquam iste sunt nemo.,Jayesh Lanka,Male,Bilaspur
294,C047,26,5,2023-03-01,0 days 21:04:18,2023-03-03,0 days 19:44:54,Nagpur,Holi,2,21,19,March,Wednesday,1445,289,28829,Aliquam Box,Colors,289,Holi,Sunt repellendus quidem laborum provident voluptas ut nisi.,Bhamini Ravi,Male,Jorhat
295,C079,18,1,2023-05-29,0 days 15:54:09,2023-06-02,0 days 10:06:42,Tadepalligudem,Birthday,4,15,10,May,Monday,781,781,21593,Nemo Set,Plants,781,Birthday,Perspiciatis nemo dolorem perspiciatis aspernatur.,Vedika Sankaran,Female,Bhilai
296,C081,70,5,2023-04-01,0 days 11:55:14,2023-04-11,0 days 19:33:46,Tirunelveli,Birthday,10,11,19,April,Saturday,4330,866,22223,Error Gift,Sweets,866,Birthday,Debitis provident illo aliquam debitis.,Kaira Ramachandran,Male,Ratlam
297,C047,13,3,2023-02-28,0 days 20:15:29,2023-03-05,0 days 20:52:27,Phagwara,Holi,5,20,20,February,Tuesday,3423,1141,28829,Et Set,Mugs,1141,Holi,Eius praesentium ipsum autem.,Bhamini Ravi,Male,Jorhat
298,C057,3,1,2023-02-11,0 days 23:06:29,2023-02-12,0 days 02:17:43,Bahraich,Valentine's Day,1,23,2,February,Saturday,1534,1534,28825,Eius Gift,Colors,1534,Valentine's Day,Deserunt pariatur mollitia voluptatem.,Zain Hegde,Female,Delhi
299,C091,8,5,2023-11-08,0 days 11:51:21,2023-11-17,0 days 13:17:51,Vellore,Anniversary,9,11,13,November,Wednesday,1260,252,32001,Qui Box,Sweets,252,Anniversary,Praesentium necessitatibus quos esse neque.,Adira Rajan,Female,New Delhi
300,C032,22,1,2023-08-29,0 days 19:20:05,2023-09-08,0 days 18:25:16,Tinsukia,All Occasions,10,19,18,August,Tuesday,1639,1639,49494,Exercitationem Pack,Soft Toys,1639,All Occasions,Iusto cum nostrum quasi dicta totam error.,Mannat Anand,Male,Surat
301,C070,6,3,2023-02-27,0 days 06:24:22,2023-03-04,0 days 16:52:16,Kota,Holi,5,6,16,February,Monday,3336,1112,39355,Quos Box,Cake,1112,Holi,Eum deleniti adipisci vero neque.,Emir Gokhale,Male,Bhatpara
302,C071,25,4,2023-10-24,0 days 13:53:05,2023-10-25,0 days 17:13:25,Dhanbad,Anniversary,1,13,17,October,Tuesday,4808,1202,35825,Qui Gift,Plants,1202,Anniversary,Maxime culpa earum blanditiis.,Purab Sheth,Male,Tiruppur
303,C051,14,1,2023-11-20,0 days 06:42:57,2023-11-29,0 days 07:08:02,Narasaraopet,Birthday,9,6,7,November,Monday,1915,1915,50856,Deserunt Box,Colors,1915,Birthday,Incidunt hic vero esse saepe illum.,Aradhya Batta,Female,Kota
304,C088,67,3,2023-03-12,0 days 09:24:28,2023-03-19,0 days 23:09:37,Tiruchirappalli,Anniversary,7,9,23,March,Sunday,4122,1374,39375,Maiores Box,Raksha Bandhan,1374,Anniversary,Earum quos enim minima.,Shalv Kulkarni,Female,Khora 
305,C003,26,1,2023-03-02,0 days 00:10:44,2023-03-10,0 days 14:01:05,Lucknow,Holi,8,0,14,March,Thursday,289,289,34871,Aliquam Box,Colors,289,Holi,Sunt repellendus quidem laborum provident voluptas ut nisi.,Jayesh Lanka,Male,Bilaspur
306,C085,49,4,2023-02-04,0 days 11:35:51,2023-02-12,0 days 06:38:00,Bellary,Valentine's Day,8,11,6,February,Saturday,3612,903,23373,Voluptate Pack,Colors,903,Valentine's Day,Saepe ratione ab inventore dignissimos.,Bhamini Johal,Male,Raipur
307,C042,3,1,2023-02-04,0 days 21:37:54,2023-02-08,0 days 11:28:10,Durgapur,Valentine's Day,4,21,11,February,Saturday,1534,1534,28243,Eius Gift,Colors,1534,Valentine's Day,Deserunt pariatur mollitia voluptatem.,Eshani Sharma,Male,Ajmer
308,C005,57,1,2023-03-09,0 days 07:54:11,2023-03-12,0 days 12:11:24,Haldia,Birthday,3,7,12,March,Thursday,1582,1582,8403,Voluptatem Box,Colors,1582,Birthday,Similique dolor saepe molestiae.,Hiran Kaul,Male,Kottayam
309,C071,60,4,2023-11-10,0 days 06:38:43,2023-11-13,0 days 05:14:33,Mangalore,Diwali,3,6,5,November,Friday,3308,827,35825,Ea Set,Sweets,827,Diwali,Ex omnis sit quibusdam.,Purab Sheth,Male,Tiruppur
310,C061,38,3,2023-08-20,0 days 12:24:22,2023-08-24,0 days 15:42:48,Bhalswa Jahangir Pur,Birthday,4,12,15,August,Sunday,1686,562,50313,Mollitia Set,Cake,562,Birthday,Eaque deserunt possimus alias sint odit facere.,Akarsh Ramesh,Female,Kavali
311,C051,39,2,2023-09-02,0 days 09:26:47,2023-09-12,0 days 17:51:43,Mehsana,All Occasions,10,9,17,September,Saturday,774,387,50856,Voluptate Set,Mugs,387,All Occasions,Voluptates nostrum ratione sint odit dolore consectetur.,Aradhya Batta,Female,Kota
312,C044,9,1,2023-08-22,0 days 18:27:36,2023-08-27,0 days 06:01:14,Akola,Raksha Bandhan,5,18,6,August,Tuesday,1605,1605,70409,Aperiam Box,Colors,1605,Raksha Bandhan,Explicabo totam quaerat a quaerat ducimus officia.,Seher Mann,Male,Agra
313,C056,30,2,2023-07-22,0 days 19:24:29,2023-07-26,0 days 06:06:13,Thane,Anniversary,4,19,6,July,Saturday,1502,751,34313,Recusandae Pack,Colors,751,Anniversary,Maxime exercitationem repellat veritatis a dolorem.,Pihu Choudhury,Male,Haridwar
314,C029,43,4,2023-11-05,0 days 11:48:41,2023-11-15,0 days 04:55:25,Patiala,Diwali,10,11,4,November,Sunday,3000,750,46420,Quisquam Pack,Raksha Bandhan,750,Diwali,Odio incidunt tempore nesciunt.,Badal Sathe,Female,Haridwar
315,C063,26,5,2023-03-06,0 days 14:21:31,2023-03-09,0 days 19:20:21,Ambattur,Holi,3,14,19,March,Monday,1445,289,43857,Aliquam Box,Colors,289,Holi,Sunt repellendus quidem laborum provident voluptas ut nisi.,Arhaan Ahluwalia,Male,Jamnagar
316,C048,2,5,2023-02-11,0 days 21:35:05,2023-02-15,0 days 07:21:50,Muzaffarnagar,Valentine's Day,4,21,7,February,Saturday,2205,441,24465,Voluptas Box,Plants,441,Valentine's Day,At quaerat animi nemo.,Aradhya Kale,Male,Guntakal
317,C014,29,3,2023-03-07,0 days 18:51:27,2023-03-15,0 days 16:12:50,Ahmednagar,Holi,8,18,16,March,Tuesday,3756,1252,37235,In Set,Colors,1252,Holi,Occaecati impedit incidunt qui.,Indrans Shukla,Female,Panvel
318,C038,26,5,2023-03-07,0 days 12:15:49,2023-03-11,0 days 15:59:47,Hosur,Holi,4,12,15,March,Tuesday,1445,289,40160,Aliquam Box,Colors,289,Holi,Sunt repellendus quidem laborum provident voluptas ut nisi.,Yakshit Shah,Female,Aizawl
319,C044,64,1,2023-08-20,0 days 06:23:07,2023-08-26,0 days 22:44:23,Bikaner,Raksha Bandhan,6,6,22,August,Sunday,1878,1878,70409,Nostrum Box,Soft Toys,1878,Raksha Bandhan,Illo laboriosam at delectus.,Seher Mann,Male,Agra
320,C007,13,1,2023-03-01,0 days 07:49:55,2023-03-08,0 days 08:38:21,Bijapur,Holi,7,7,8,March,Wednesday,1141,1141,34438,Et Set,Mugs,1141,Holi,Eius praesentium ipsum autem.,Jayant Kamdar,Male,Berhampore
321,C049,12,5,2023-03-08,0 days 11:27:05,2023-03-17,0 days 09:51:43,Rampur,Anniversary,9,11,9,March,Wednesday,3360,672,38936,Non Set,Plants,672,Anniversary,Fugiat id similique minima corrupti ut sint sapiente.,Aarush Balasubramanian,Female,Imphal
322,C056,15,1,2023-04-11,0 days 08:32:11,2023-04-15,0 days 03:30:27,Udaipur,Anniversary,4,8,3,April,Tuesday,1488,1488,34313,Repudiandae Box,Raksha Bandhan,1488,Anniversary,Consequuntur placeat quia voluptate esse consectetur accusamus nemo.,Pihu Choudhury,Male,Haridwar
323,C013,23,2,2023-02-09,0 days 18:13:04,2023-02-10,0 days 10:22:35,Khora ,Anniversary,1,18,10,February,Thursday,2196,1098,46738,Dignissimos Pack,Sweets,1098,Anniversary,Sunt laborum incidunt ad asperiores itaque minus placeat.,Manikya Goswami,Female,Mangalore
324,C073,14,2,2023-02-02,0 days 18:47:28,2023-02-11,0 days 15:34:54,North Dumdum,Birthday,9,18,15,February,Thursday,3830,1915,12863,Deserunt Box,Colors,1915,Birthday,Incidunt hic vero esse saepe illum.,Zeeshan Tailor,Male,Parbhani
325,C091,27,5,2023-08-25,0 days 18:30:45,2023-09-04,0 days 20:02:37,Amritsar,Raksha Bandhan,10,18,20,August,Friday,2740,548,32001,Architecto Gift,Cake,548,Raksha Bandhan,Odio quisquam inventore esse sed recusandae autem.,Adira Rajan,Female,New Delhi
326,C088,34,3,2023-08-27,0 days 15:39:05,2023-09-03,0 days 15:33:32,Panchkula,Raksha Bandhan,7,15,15,August,Sunday,4005,1335,39375,Placeat Pack,Soft Toys,1335,Raksha Bandhan,Illo in quas at rem.,Shalv Kulkarni,Female,Khora 
327,C048,51,1,2023-09-24,0 days 09:29:05,2023-09-26,0 days 20:09:05,Muzaffarnagar,All Occasions,2,9,20,September,Sunday,1084,1084,24465,Fugit Set,Soft Toys,1084,All Occasions,Maiores hic veritatis corporis modi.,Aradhya Kale,Male,Guntakal
328,C024,23,3,2023-04-17,0 days 17:51:38,2023-04-22,0 days 08:59:18,Maheshtala,Anniversary,5,17,8,April,Monday,3294,1098,59666,Dignissimos Pack,Sweets,1098,Anniversary,Sunt laborum incidunt ad asperiores itaque minus placeat.,Jhanvi Chowdhury,Female,Kavali
329,C095,17,3,2023-08-26,0 days 02:22:03,2023-09-04,0 days 03:08:52,Nashik,Anniversary,9,2,3,August,Saturday,5697,1899,45692,Delectus Gift,Soft Toys,1899,Anniversary,Architecto beatae ullam ad sed dolorem voluptates est.,Mahika Cherian,Female,Warangal
330,C059,59,2,2023-08-24,0 days 20:25:09,2023-09-01,0 days 12:26:20,Shahjahanpur,Raksha Bandhan,8,20,12,August,Thursday,1622,811,31128,Pariatur Box,Cake,811,Raksha Bandhan,Exercitationem occaecati quam aperiam.,Nirvi Wagle,Male,Kalyan-Dombivli
331,C023,41,5,2023-11-04,0 days 21:49:56,2023-11-05,0 days 14:13:32,Patna,Diwali,1,21,14,November,Saturday,9885,1977,41112,Aut Box,Sweets,1977,Diwali,Ab quisquam nobis ducimus.,Abram Sandhu,Male,Bidhannagar
332,C052,20,5,2023-04-11,0 days 20:14:13,2023-04-18,0 days 14:10:44,Khammam,Anniversary,7,20,14,April,Tuesday,3485,697,40731,Reiciendis Box,Colors,697,Anniversary,Molestias earum quam dolor.,Vardaniya Apte,Male,Dhanbad
333,C100,22,5,2023-02-09,0 days 06:19:15,2023-02-10,0 days 03:46:29,South Dumdum,All Occasions,1,6,3,February,Thursday,8195,1639,34509,Exercitationem Pack,Soft Toys,1639,All Occasions,Iusto cum nostrum quasi dicta totam error.,Pranay Chaudhary,Female,Phagwara
334,C066,53,1,2023-08-28,0 days 21:19:46,2023-09-01,0 days 22:03:03,Patiala,Raksha Bandhan,4,21,22,August,Monday,1672,1672,23870,Ipsam Set,Sweets,1672,Raksha Bandhan,Deleniti aspernatur pariatur laudantium nihil at.,Eshani Buch,Female,Malegaon
335,C013,17,2,2023-11-06,0 days 02:09:35,2023-11-08,0 days 02:23:24,Sri Ganganagar,Anniversary,2,2,2,November,Monday,3798,1899,46738,Delectus Gift,Soft Toys,1899,Anniversary,Architecto beatae ullam ad sed dolorem voluptates est.,Manikya Goswami,Female,Mangalore
336,C069,53,1,2023-08-20,0 days 04:32:24,2023-08-25,0 days 19:54:17,Tiruchirappalli,Raksha Bandhan,5,4,19,August,Sunday,1672,1672,38017,Ipsam Set,Sweets,1672,Raksha Bandhan,Deleniti aspernatur pariatur laudantium nihil at.,Hunar Tripathi,Female,Madhyamgram
337,C008,24,3,2023-05-16,0 days 14:21:12,2023-05-22,0 days 20:26:13,Siwan,Birthday,6,14,20,May,Tuesday,1605,535,50151,Ad Box,Mugs,535,Birthday,Possimus perspiciatis nesciunt modi molestias.,Veer Ray,Female,Chinsurah
338,C087,21,3,2023-08-20,0 days 14:15:51,2023-08-28,0 days 01:34:07,Panchkula,Raksha Bandhan,8,14,1,August,Sunday,4683,1561,47979,Quia Gift,Colors,1561,Raksha Bandhan,Autem necessitatibus perferendis consequatur suscipit iste harum sint.,Rania Bhatt,Female,North Dumdum
339,C083,8,1,2023-09-20,0 days 20:07:19,2023-09-29,0 days 10:50:19,Sirsa,Anniversary,9,20,10,September,Wednesday,252,252,42088,Qui Box,Sweets,252,Anniversary,Praesentium necessitatibus quos esse neque.,Aaryahi Sodhi,Male,Raurkela Industrial Township
340,C076,38,3,2023-07-14,0 days 07:53:01,2023-07-22,0 days 02:56:01,Davanagere,Birthday,8,7,2,July,Friday,1686,562,25892,Mollitia Set,Cake,562,Birthday,Eaque deserunt possimus alias sint odit facere.,Oorja Dayal,Female,Gaya
341,C028,9,2,2023-08-20,0 days 14:54:35,2023-08-30,0 days 22:32:13,Ongole,Raksha Bandhan,10,14,22,August,Sunday,3210,1605,37013,Aperiam Box,Colors,1605,Raksha Bandhan,Explicabo totam quaerat a quaerat ducimus officia.,Hridaan Rajagopalan,Female,Noida
342,C062,36,5,2023-11-03,0 days 04:03:43,2023-11-08,0 days 16:26:16,Salem,Birthday,5,4,16,November,Friday,1015,203,29721,Cum Gift,Plants,203,Birthday,Magni maiores ullam fugiat.,Inaaya  Sarraf,Male,Nagpur
343,C006,66,3,2023-03-06,0 days 14:12:40,2023-03-09,0 days 09:27:05,Parbhani,Holi,3,14,9,March,Monday,1830,610,35959,Quas Box,Colors,610,Holi,Architecto debitis repellendus error ducimus quod quo.,Rania Mann,Female,Karimnagar
344,C020,28,5,2023-08-29,0 days 17:06:22,2023-09-03,0 days 06:28:07,Tiruvottiyur,Raksha Bandhan,5,17,6,August,Tuesday,8890,1778,75029,Velit Set,Sweets,1778,Raksha Bandhan,Quidem sit facilis consequuntur iusto dignissimos exercitationem.,Samaira Ganesh,Male,Machilipatnam
345,C056,45,4,2023-09-15,0 days 15:40:42,2023-09-23,0 days 23:11:31,Bellary,Birthday,8,15,23,September,Friday,2888,722,34313,Iusto Set,Raksha Bandhan,722,Birthday,Adipisci quo laboriosam.,Pihu Choudhury,Male,Haridwar
346,C090,50,1,2023-03-04,0 days 23:24:17,2023-03-12,0 days 16:46:34,Pondicherry,Holi,8,23,16,March,Saturday,422,422,32456,Eligendi Set,Plants,422,Holi,Consectetur illum pariatur totam fugit eum eaque.,Drishya De,Female,Anantapuram
347,C034,34,2,2023-08-29,0 days 09:46:21,2023-09-08,0 days 08:37:09,Shimoga,Raksha Bandhan,10,9,8,August,Tuesday,2670,1335,33618,Placeat Pack,Soft Toys,1335,Raksha Bandhan,Illo in quas at rem.,Hridaan Sood,Male,Bhatpara
348,C060,30,2,2023-11-28,0 days 20:33:37,2023-12-07,0 days 12:02:59,Kalyan-Dombivli,Anniversary,9,20,12,November,Tuesday,1502,751,45635,Recusandae Pack,Colors,751,Anniversary,Maxime exercitationem repellat veritatis a dolorem.,Riya Wagle,Male,Satara
349,C017,44,4,2023-11-11,0 days 03:32:37,2023-11-12,0 days 10:31:13,Junagadh,Diwali,1,3,10,November,Saturday,3176,794,42855,Dolorum Set,Plants,794,Diwali,Nam quod aliquid.,Advika Dhar,Male,Gangtok
350,C020,19,3,2023-02-13,0 days 12:22:57,2023-02-22,0 days 16:26:10,Kolkata,Valentine's Day,9,12,16,February,Monday,3702,1234,75029,Iure Gift,Mugs,1234,Valentine's Day,Autem quaerat tempore quasi ipsam.,Samaira Ganesh,Male,Machilipatnam
351,C099,1,1,2023-01-16,0 days 15:11:07,2023-01-25,0 days 22:29:59,Bhilai,All Occasions,9,15,22,January,Monday,1935,1935,53082,Magnam Set,Soft Toys,1935,All Occasions,Quam numquam iste sunt nemo.,Ranbir Loyal,Female,Dhanbad
352,C080,28,1,2023-08-23,0 days 23:49:45,2023-09-02,0 days 09:14:52,Bellary,Raksha Bandhan,10,23,9,August,Wednesday,1778,1778,22226,Velit Set,Sweets,1778,Raksha Bandhan,Quidem sit facilis consequuntur iusto dignissimos exercitationem.,Mohanlal Garde,Male,Bhopal
353,C089,55,2,2023-08-21,0 days 09:43:27,2023-08-24,0 days 14:12:14,Korba,Raksha Bandhan,3,9,14,August,Monday,3808,1904,43844,Dolores Gift,Soft Toys,1904,Raksha Bandhan,Nobis sed corrupti cupiditate fugiat unde.,Oorja Dey,Female,Nellore
354,C087,13,5,2023-02-26,0 days 17:25:28,2023-03-06,0 days 09:43:32,Narasaraopet,Holi,8,17,9,February,Sunday,5705,1141,47979,Et Set,Mugs,1141,Holi,Eius praesentium ipsum autem.,Rania Bhatt,Female,North Dumdum
355,C099,10,1,2023-12-24,0 days 04:52:44,2024-01-02,0 days 09:38:33,Satara,Birthday,9,4,9,December,Sunday,259,259,53082,Accusantium Gift,Cake,259,Birthday,Minima nobis repellendus distinctio a veritatis voluptate eaque.,Ranbir Loyal,Female,Dhanbad
356,C028,14,1,2023-07-08,0 days 00:41:40,2023-07-09,0 days 04:31:42,Panvel,Birthday,1,0,4,July,Saturday,1915,1915,37013,Deserunt Box,Colors,1915,Birthday,Incidunt hic vero esse saepe illum.,Hridaan Rajagopalan,Female,Noida
357,C063,62,4,2023-03-03,0 days 20:01:18,2023-03-13,0 days 20:55:34,Kavali,Holi,10,20,20,March,Friday,5424,1356,43857,Sed Set,Colors,1356,Holi,Sequi et dolore et consectetur odit deleniti.,Arhaan Ahluwalia,Male,Jamnagar
358,C040,55,1,2023-08-20,0 days 16:53:29,2023-08-25,0 days 13:30:37,Secunderabad,Raksha Bandhan,5,16,13,August,Sunday,1904,1904,41660,Dolores Gift,Soft Toys,1904,Raksha Bandhan,Nobis sed corrupti cupiditate fugiat unde.,Hazel Mangat,Female,Pallavaram
359,C052,47,2,2023-02-28,0 days 12:13:36,2023-03-05,0 days 20:31:30,Nagpur,Holi,5,12,20,February,Tuesday,3276,1638,40731,Harum Pack,Colors,1638,Holi,Maiores voluptates quam aspernatur magni distinctio provident.,Vardaniya Apte,Male,Dhanbad
360,C099,41,1,2023-11-06,0 days 03:11:57,2023-11-09,0 days 17:45:31,Belgaum,Diwali,3,3,17,November,Monday,1977,1977,53082,Aut Box,Sweets,1977,Diwali,Ab quisquam nobis ducimus.,Ranbir Loyal,Female,Dhanbad
361,C049,47,4,2023-03-03,0 days 06:09:56,2023-03-11,0 days 08:33:10,Rajkot,Holi,8,6,8,March,Friday,6552,1638,38936,Harum Pack,Colors,1638,Holi,Maiores voluptates quam aspernatur magni distinctio provident.,Aarush Balasubramanian,Female,Imphal
362,C041,31,2,2023-03-10,0 days 03:40:01,2023-03-17,0 days 10:35:23,Nashik,All Occasions,7,3,10,March,Friday,3608,1804,41595,Nihil Box,Colors,1804,All Occasions,Eveniet sint molestiae.,Rati Dhingra,Male,Karaikudi
363,C022,15,2,2023-11-27,0 days 19:01:01,2023-12-05,0 days 01:50:36,Bhavnagar,Anniversary,8,19,1,November,Monday,2976,1488,40262,Repudiandae Box,Raksha Bandhan,1488,Anniversary,Consequuntur placeat quia voluptate esse consectetur accusamus nemo.,Ivana Rout,Male,Khandwa
364,C003,43,3,2023-11-08,0 days 06:09:01,2023-11-09,0 days 04:37:33,Satara,Diwali,1,6,4,November,Wednesday,2250,750,34871,Quisquam Pack,Raksha Bandhan,750,Diwali,Odio incidunt tempore nesciunt.,Jayesh Lanka,Male,Bilaspur
365,C028,8,5,2023-06-01,0 days 15:31:47,2023-06-04,0 days 10:15:29,Agra,Anniversary,3,15,10,June,Thursday,1260,252,37013,Qui Box,Sweets,252,Anniversary,Praesentium necessitatibus quos esse neque.,Hridaan Rajagopalan,Female,Noida
366,C033,3,3,2023-02-08,0 days 23:15:47,2023-02-16,0 days 10:51:38,Kolkata,Valentine's Day,8,23,10,February,Wednesday,4602,1534,32998,Eius Gift,Colors,1534,Valentine's Day,Deserunt pariatur mollitia voluptatem.,Suhana Kurian,Female,Indore
367,C010,47,5,2023-03-03,0 days 00:44:09,2023-03-12,0 days 15:05:03,South Dumdum,Holi,9,0,15,March,Friday,8190,1638,24931,Harum Pack,Colors,1638,Holi,Maiores voluptates quam aspernatur magni distinctio provident.,Darshit Dave,Male,Kanpur
368,C042,6,3,2023-03-04,0 days 23:03:22,2023-03-06,0 days 02:52:10,Nashik,Holi,2,23,2,March,Saturday,3336,1112,28243,Quos Box,Cake,1112,Holi,Eum deleniti adipisci vero neque.,Eshani Sharma,Male,Ajmer
369,C014,63,3,2023-08-07,0 days 07:23:44,2023-08-15,0 days 04:28:30,Jammu,All Occasions,8,7,4,August,Monday,4044,1348,37235,Adipisci Set,Sweets,1348,All Occasions,Recusandae voluptate eaque blanditiis harum in facere consequuntur.,Indrans Shukla,Female,Panvel
370,C073,54,2,2023-07-09,0 days 05:57:39,2023-07-13,0 days 19:01:40,Danapur,Anniversary,4,5,19,July,Sunday,2472,1236,12863,Occaecati Gift,Cake,1236,Anniversary,Ducimus possimus saepe totam impedit amet reprehenderit.,Zeeshan Tailor,Male,Parbhani
371,C090,23,4,2023-05-15,0 days 01:27:58,2023-05-19,0 days 10:28:47,Davanagere,Anniversary,4,1,10,May,Monday,4392,1098,32456,Dignissimos Pack,Sweets,1098,Anniversary,Sunt laborum incidunt ad asperiores itaque minus placeat.,Drishya De,Female,Anantapuram
372,C006,25,3,2023-11-08,0 days 19:04:25,2023-11-18,0 days 18:28:46,Kamarhati,Anniversary,10,19,18,November,Wednesday,3606,1202,35959,Qui Gift,Plants,1202,Anniversary,Maxime culpa earum blanditiis.,Rania Mann,Female,Karimnagar
373,C026,65,2,2023-06-07,0 days 20:49:11,2023-06-10,0 days 23:57:40,North Dumdum,All Occasions,3,20,23,June,Wednesday,3790,1895,31319,Error Gift,Raksha Bandhan,1895,All Occasions,Ratione alias nam dignissimos ullam.,Ira Chahal,Female,Farrukhabad
374,C087,4,1,2023-11-07,0 days 07:47:32,2023-11-09,0 days 22:32:44,Guna,Diwali,2,7,22,November,Tuesday,1199,1199,47979,Accusantium Set,Sweets,1199,Diwali,Corporis odio consequatur perferendis repellendus laudantium deserunt.,Rania Bhatt,Female,North Dumdum
375,C091,46,1,2023-02-11,0 days 04:16:25,2023-02-20,0 days 19:37:38,Mysore,Anniversary,9,4,19,February,Saturday,758,758,32001,Pariatur Set,Cake,758,Anniversary,In nesciunt maxime nobis officiis dicta.,Adira Rajan,Female,New Delhi
376,C097,10,2,2023-05-14,0 days 20:18:32,2023-05-19,0 days 23:48:02,Bulandshahr,Birthday,5,20,23,May,Sunday,518,259,24253,Accusantium Gift,Cake,259,Birthday,Minima nobis repellendus distinctio a veritatis voluptate eaque.,Nakul Randhawa,Female,Sri Ganganagar
377,C013,55,4,2023-08-26,0 days 08:34:06,2023-08-31,0 days 11:47:09,Ghaziabad,Raksha Bandhan,5,8,11,August,Saturday,7616,1904,46738,Dolores Gift,Soft Toys,1904,Raksha Bandhan,Nobis sed corrupti cupiditate fugiat unde.,Manikya Goswami,Female,Mangalore
378,C040,6,2,2023-03-01,0 days 11:30:20,2023-03-08,0 days 19:26:52,Hindupur,Holi,7,11,19,March,Wednesday,2224,1112,41660,Quos Box,Cake,1112,Holi,Eum deleniti adipisci vero neque.,Hazel Mangat,Female,Pallavaram
379,C078,66,1,2023-03-03,0 days 23:31:41,2023-03-06,0 days 10:44:03,Bhavnagar,Holi,3,23,10,March,Friday,610,610,44597,Quas Box,Colors,610,Holi,Architecto debitis repellendus error ducimus quod quo.,Jivika Rajan,Female,Bhubaneswar
380,C009,60,4,2023-11-08,0 days 13:33:02,2023-11-15,0 days 23:40:37,Bidhannagar,Diwali,7,13,23,November,Wednesday,3308,827,42882,Ea Set,Sweets,827,Diwali,Ex omnis sit quibusdam.,Ritvik Borah,Female,Madurai
381,C013,25,3,2023-01-25,0 days 18:30:03,2023-01-28,0 days 06:21:06,Tiruchirappalli,Anniversary,3,18,6,January,Wednesday,3606,1202,46738,Qui Gift,Plants,1202,Anniversary,Maxime culpa earum blanditiis.,Manikya Goswami,Female,Mangalore
382,C003,24,1,2023-06-03,0 days 10:02:19,2023-06-13,0 days 21:53:48,Kamarhati,Birthday,10,10,21,June,Saturday,535,535,34871,Ad Box,Mugs,535,Birthday,Possimus perspiciatis nesciunt modi molestias.,Jayesh Lanka,Male,Bilaspur
383,C016,37,1,2023-11-06,0 days 00:16:45,2023-11-08,0 days 20:09:52,Panchkula,Diwali,2,0,20,November,Monday,1428,1428,37655,Officiis Pack,Colors,1428,Diwali,Error facere quae cupiditate provident.,Amani Ganesh,Male,Tenali
384,C004,25,3,2023-05-11,0 days 16:57:57,2023-05-15,0 days 13:57:13,Bhilai,Anniversary,4,16,13,May,Thursday,3606,1202,35894,Qui Gift,Plants,1202,Anniversary,Maxime culpa earum blanditiis.,Tarini Bava,Male,Miryalaguda
385,C002,50,4,2023-03-03,0 days 01:16:01,2023-03-08,0 days 10:46:18,Alwar,Holi,5,1,10,March,Friday,1688,422,23860,Eligendi Set,Plants,422,Holi,Consectetur illum pariatur totam fugit eum eaque.,Myra Edwin,Female,Bulandshahr
386,C091,5,4,2023-06-04,0 days 12:47:45,2023-06-14,0 days 21:34:41,Jalandhar,All Occasions,10,12,21,June,Sunday,5776,1444,32001,Natus Gift,Colors,1444,All Occasions,Quis occaecati reprehenderit facere tenetur illum exercitationem.,Adira Rajan,Female,New Delhi
387,C061,1,2,2023-04-30,0 days 05:38:25,2023-05-09,0 days 02:15:58,Ahmedabad,All Occasions,9,5,2,April,Sunday,3870,1935,50313,Magnam Set,Soft Toys,1935,All Occasions,Quam numquam iste sunt nemo.,Akarsh Ramesh,Female,Kavali
388,C066,36,2,2023-11-10,0 days 00:15:10,2023-11-18,0 days 10:37:06,Jalna,Birthday,8,0,10,November,Friday,406,203,23870,Cum Gift,Plants,203,Birthday,Magni maiores ullam fugiat.,Eshani Buch,Female,Malegaon
389,C061,29,2,2023-03-06,0 days 03:26:18,2023-03-16,0 days 18:13:40,Mahbubnagar,Holi,10,3,18,March,Monday,2504,1252,50313,In Set,Colors,1252,Holi,Occaecati impedit incidunt qui.,Akarsh Ramesh,Female,Kavali
390,C043,26,4,2023-03-03,0 days 15:40:56,2023-03-10,0 days 23:02:07,Akola,Holi,7,15,23,March,Friday,1156,289,28053,Aliquam Box,Colors,289,Holi,Sunt repellendus quidem laborum provident voluptas ut nisi.,Yasmin Sheth,Female,Vellore
391,C083,22,4,2023-12-29,0 days 13:44:06,2024-01-07,0 days 12:58:41,Bareilly,All Occasions,9,13,12,December,Friday,6556,1639,42088,Exercitationem Pack,Soft Toys,1639,All Occasions,Iusto cum nostrum quasi dicta totam error.,Aaryahi Sodhi,Male,Raurkela Industrial Township
392,C085,4,2,2023-11-05,0 days 03:18:55,2023-11-06,0 days 18:53:09,Gangtok,Diwali,1,3,18,November,Sunday,2398,1199,23373,Accusantium Set,Sweets,1199,Diwali,Corporis odio consequatur perferendis repellendus laudantium deserunt.,Bhamini Johal,Male,Raipur
393,C087,17,5,2023-11-14,0 days 11:01:18,2023-11-22,0 days 16:10:46,Solapur,Anniversary,8,11,16,November,Tuesday,9495,1899,47979,Delectus Gift,Soft Toys,1899,Anniversary,Architecto beatae ullam ad sed dolorem voluptates est.,Rania Bhatt,Female,North Dumdum
394,C028,38,5,2023-03-23,0 days 04:26:37,2023-03-31,0 days 19:25:58,Dewas,Birthday,8,4,19,March,Thursday,2810,562,37013,Mollitia Set,Cake,562,Birthday,Eaque deserunt possimus alias sint odit facere.,Hridaan Rajagopalan,Female,Noida
395,C067,26,2,2023-03-03,0 days 23:14:54,2023-03-06,0 days 18:32:37,Hosur,Holi,3,23,18,March,Friday,578,289,38028,Aliquam Box,Colors,289,Holi,Sunt repellendus quidem laborum provident voluptas ut nisi.,Eva Sankaran,Male,Anand
396,C068,10,5,2023-03-15,0 days 15:30:58,2023-03-16,0 days 01:45:01,Tiruvottiyur,Birthday,1,15,1,March,Wednesday,1295,259,25168,Accusantium Gift,Cake,259,Birthday,Minima nobis repellendus distinctio a veritatis voluptate eaque.,Ritvik Garde,Male,Kalyan-Dombivli
397,C034,4,5,2023-11-09,0 days 06:48:09,2023-11-14,0 days 13:32:34,Junagadh,Diwali,5,6,13,November,Thursday,5995,1199,33618,Accusantium Set,Sweets,1199,Diwali,Corporis odio consequatur perferendis repellendus laudantium deserunt.,Hridaan Sood,Male,Bhatpara
398,C080,54,1,2023-05-05,0 days 08:45:21,2023-05-15,0 days 10:01:43,Dehradun,Anniversary,10,8,10,May,Friday,1236,1236,22226,Occaecati Gift,Cake,1236,Anniversary,Ducimus possimus saepe totam impedit amet reprehenderit.,Mohanlal Garde,Male,Bhopal
399,C008,68,1,2023-02-08,0 days 06:21:47,2023-02-15,0 days 07:08:14,Bareilly,Valentine's Day,7,6,7,February,Wednesday,597,597,50151,Quas Gift,Soft Toys,597,Valentine's Day,Enim non fugit reprehenderit minima.,Veer Ray,Female,Chinsurah
400,C083,45,3,2023-05-07,0 days 14:05:01,2023-05-15,0 days 18:10:53,Kumbakonam,Birthday,8,14,18,May,Sunday,2166,722,42088,Iusto Set,Raksha Bandhan,722,Birthday,Adipisci quo laboriosam.,Aaryahi Sodhi,Male,Raurkela Industrial Township
401,C089,9,5,2023-08-29,0 days 19:53:33,2023-09-04,0 days 07:19:07,Bharatpur,Raksha Bandhan,6,19,7,August,Tuesday,8025,1605,43844,Aperiam Box,Colors,1605,Raksha Bandhan,Explicabo totam quaerat a quaerat ducimus officia.,Oorja Dey,Female,Nellore
402,C037,29,1,2023-03-05,0 days 16:42:29,2023-03-08,0 days 13:32:50,Thrissur,Holi,3,16,13,March,Sunday,1252,1252,35693,In Set,Colors,1252,Holi,Occaecati impedit incidunt qui.,Aradhya Kumar,Male,Davanagere
403,C075,57,1,2023-01-06,0 days 11:45:28,2023-01-16,0 days 20:13:26,Chapra,Birthday,10,11,20,January,Friday,1582,1582,13859,Voluptatem Box,Colors,1582,Birthday,Similique dolor saepe molestiae.,Yashvi Bansal,Female,Aligarh
404,C055,21,5,2023-08-22,0 days 07:55:20,2023-08-24,0 days 22:27:19,South Dumdum,Raksha Bandhan,2,7,22,August,Tuesday,7805,1561,46022,Quia Gift,Colors,1561,Raksha Bandhan,Autem necessitatibus perferendis consequatur suscipit iste harum sint.,Umang Luthra,Male,Imphal
405,C033,49,1,2023-02-10,0 days 23:05:14,2023-02-18,0 days 14:47:38,Guwahati,Valentine's Day,8,23,14,February,Friday,903,903,32998,Voluptate Pack,Colors,903,Valentine's Day,Saepe ratione ab inventore dignissimos.,Suhana Kurian,Female,Indore
406,C049,55,4,2023-08-25,0 days 15:59:17,2023-09-02,0 days 06:23:53,Srikakulam,Raksha Bandhan,8,15,6,August,Friday,7616,1904,38936,Dolores Gift,Soft Toys,1904,Raksha Bandhan,Nobis sed corrupti cupiditate fugiat unde.,Aarush Balasubramanian,Female,Imphal
407,C074,69,3,2023-02-26,0 days 08:52:11,2023-02-28,0 days 04:09:44,Jamalpur,Holi,2,8,4,February,Sunday,2994,998,29303,Id Box,Cake,998,Holi,Earum odio vitae mollitia autem.,Vanya Apte,Female,Sultan Pur Majra
408,C063,31,2,2023-03-05,0 days 12:19:26,2023-03-11,0 days 04:41:38,Haldia,All Occasions,6,12,4,March,Sunday,3608,1804,43857,Nihil Box,Colors,1804,All Occasions,Eveniet sint molestiae.,Arhaan Ahluwalia,Male,Jamnagar
409,C049,50,4,2023-02-26,0 days 17:43:59,2023-02-28,0 days 19:44:57,Khammam,Holi,2,17,19,February,Sunday,1688,422,38936,Eligendi Set,Plants,422,Holi,Consectetur illum pariatur totam fugit eum eaque.,Aarush Balasubramanian,Female,Imphal
410,C025,24,1,2023-01-01,0 days 20:20:49,2023-01-02,0 days 05:57:06,Surendranagar Dudhrej,Birthday,1,20,5,January,Sunday,535,535,26463,Ad Box,Mugs,535,Birthday,Possimus perspiciatis nesciunt modi molestias.,Ira Bava,Female,Singrauli
411,C006,48,1,2023-11-05,0 days 16:31:34,2023-11-08,0 days 07:21:26,Nadiad,Diwali,3,16,7,November,Sunday,433,433,35959,Maiores Gift,Colors,433,Diwali,Repellendus quae iusto nostrum commodi adipisci.,Rania Mann,Female,Karimnagar
412,C081,67,2,2023-10-28,0 days 09:28:24,2023-10-31,0 days 23:14:27,Maheshtala,Anniversary,3,9,23,October,Saturday,2748,1374,22223,Maiores Box,Raksha Bandhan,1374,Anniversary,Earum quos enim minima.,Kaira Ramachandran,Male,Ratlam
413,C050,59,5,2023-08-22,0 days 05:32:17,2023-08-30,0 days 20:21:11,Amritsar,Raksha Bandhan,8,5,20,August,Tuesday,4055,811,40896,Pariatur Box,Cake,811,Raksha Bandhan,Exercitationem occaecati quam aperiam.,Chirag Srinivas,Female,Imphal
414,C034,7,4,2023-02-28,0 days 21:18:11,2023-03-07,0 days 01:07:31,Raurkela Industrial Township,Holi,7,21,1,February,Tuesday,1636,409,33618,Quos Set,Soft Toys,409,Holi,Sint accusamus veritatis exercitationem corporis.,Hridaan Sood,Male,Bhatpara
415,C065,14,4,2023-06-08,0 days 20:08:30,2023-06-10,0 days 01:20:56,Hajipur,Birthday,2,20,1,June,Thursday,7660,1915,33684,Deserunt Box,Colors,1915,Birthday,Incidunt hic vero esse saepe illum.,Badal Vora,Male,North Dumdum
416,C006,58,5,2023-02-12,0 days 16:41:02,2023-02-17,0 days 09:37:01,Saharanpur,Valentine's Day,5,16,9,February,Sunday,7460,1492,35959,Sed Pack,Cake,1492,Valentine's Day,Reiciendis nam omnis vel explicabo amet perferendis.,Rania Mann,Female,Karimnagar
417,C004,62,4,2023-03-07,0 days 22:40:40,2023-03-11,0 days 05:56:33,Khammam,Holi,4,22,5,March,Tuesday,5424,1356,35894,Sed Set,Colors,1356,Holi,Sequi et dolore et consectetur odit deleniti.,Tarini Bava,Male,Miryalaguda
418,C069,64,3,2023-08-24,0 days 13:17:22,2023-09-01,0 days 11:37:10,Karimnagar,Raksha Bandhan,8,13,11,August,Thursday,5634,1878,38017,Nostrum Box,Soft Toys,1878,Raksha Bandhan,Illo laboriosam at delectus.,Hunar Tripathi,Female,Madhyamgram
419,C065,47,3,2023-03-05,0 days 17:18:51,2023-03-11,0 days 13:53:36,Agartala,Holi,6,17,13,March,Sunday,4914,1638,33684,Harum Pack,Colors,1638,Holi,Maiores voluptates quam aspernatur magni distinctio provident.,Badal Vora,Male,North Dumdum
420,C039,6,3,2023-02-27,0 days 08:36:20,2023-02-28,0 days 00:07:29,Kota,Holi,1,8,0,February,Monday,3336,1112,30237,Quos Box,Cake,1112,Holi,Eum deleniti adipisci vero neque.,Kaira Bahl,Male,Kamarhati
421,C066,38,4,2023-08-08,0 days 20:16:30,2023-08-12,0 days 19:04:00,Serampore,Birthday,4,20,19,August,Tuesday,2248,562,23870,Mollitia Set,Cake,562,Birthday,Eaque deserunt possimus alias sint odit facere.,Eshani Buch,Female,Malegaon
422,C044,53,2,2023-08-20,0 days 03:03:58,2023-08-29,0 days 04:05:39,Eluru,Raksha Bandhan,9,3,4,August,Sunday,3344,1672,70409,Ipsam Set,Sweets,1672,Raksha Bandhan,Deleniti aspernatur pariatur laudantium nihil at.,Seher Mann,Male,Agra
423,C067,19,1,2023-02-11,0 days 16:46:58,2023-02-17,0 days 00:10:05,Alappuzha,Valentine's Day,6,16,0,February,Saturday,1234,1234,38028,Iure Gift,Mugs,1234,Valentine's Day,Autem quaerat tempore quasi ipsam.,Eva Sankaran,Male,Anand
424,C072,7,4,2023-03-01,0 days 03:04:56,2023-03-09,0 days 10:27:03,Kishanganj,Holi,8,3,10,March,Wednesday,1636,409,33067,Quos Set,Soft Toys,409,Holi,Sint accusamus veritatis exercitationem corporis.,Charvi Karnik,Male,Hyderabad
425,C071,56,1,2023-09-30,0 days 00:02:06,2023-10-09,0 days 22:59:28,North Dumdum,Anniversary,9,0,22,September,Saturday,1272,1272,35825,Quia Gift,Raksha Bandhan,1272,Anniversary,Veniam expedita odit esse.,Purab Sheth,Male,Tiruppur
426,C073,2,2,2023-02-13,0 days 22:59:54,2023-02-17,0 days 13:51:00,Kharagpur,Valentine's Day,4,22,13,February,Monday,882,441,12863,Voluptas Box,Plants,441,Valentine's Day,At quaerat animi nemo.,Zeeshan Tailor,Male,Parbhani
427,C042,48,5,2023-11-03,0 days 07:56:32,2023-11-13,0 days 22:46:12,Gudivada,Diwali,10,7,22,November,Friday,2165,433,28243,Maiores Gift,Colors,433,Diwali,Repellendus quae iusto nostrum commodi adipisci.,Eshani Sharma,Male,Ajmer
428,C038,10,2,2023-12-06,0 days 03:32:38,2023-12-12,0 days 19:37:01,Khora ,Birthday,6,3,19,December,Wednesday,518,259,40160,Accusantium Gift,Cake,259,Birthday,Minima nobis repellendus distinctio a veritatis voluptate eaque.,Yakshit Shah,Female,Aizawl
429,C007,9,5,2023-08-22,0 days 22:46:57,2023-08-31,0 days 12:43:52,Bahraich,Raksha Bandhan,9,22,12,August,Tuesday,8025,1605,34438,Aperiam Box,Colors,1605,Raksha Bandhan,Explicabo totam quaerat a quaerat ducimus officia.,Jayant Kamdar,Male,Berhampore
430,C045,27,2,2023-08-27,0 days 07:20:30,2023-08-31,0 days 10:03:32,Rourkela,Raksha Bandhan,4,7,10,August,Sunday,1096,548,61294,Architecto Gift,Cake,548,Raksha Bandhan,Odio quisquam inventore esse sed recusandae autem.,Divit Mahajan,Female,Maheshtala
431,C057,1,4,2023-12-13,0 days 19:13:43,2023-12-19,0 days 21:02:24,Varanasi,All Occasions,6,19,21,December,Wednesday,7740,1935,28825,Magnam Set,Soft Toys,1935,All Occasions,Quam numquam iste sunt nemo.,Zain Hegde,Female,Delhi
432,C092,12,4,2023-01-05,0 days 12:09:27,2023-01-13,0 days 19:40:38,Ballia,Anniversary,8,12,19,January,Thursday,2688,672,42178,Non Set,Plants,672,Anniversary,Fugiat id similique minima corrupti ut sint sapiente.,Zoya Mani,Male,Dibrugarh
433,C068,7,5,2023-02-26,0 days 23:33:51,2023-03-02,0 days 04:19:56,Amravati,Holi,4,23,4,February,Sunday,2045,409,25168,Quos Set,Soft Toys,409,Holi,Sint accusamus veritatis exercitationem corporis.,Ritvik Garde,Male,Kalyan-Dombivli
434,C020,51,4,2023-11-28,0 days 07:23:06,2023-11-29,0 days 19:43:32,Kirari Suleman Nagar,All Occasions,1,7,19,November,Tuesday,4336,1084,75029,Fugit Set,Soft Toys,1084,All Occasions,Maiores hic veritatis corporis modi.,Samaira Ganesh,Male,Machilipatnam
435,C017,53,4,2023-08-22,0 days 17:27:30,2023-08-27,0 days 12:35:14,Mira-Bhayandar,Raksha Bandhan,5,17,12,August,Tuesday,6688,1672,42855,Ipsam Set,Sweets,1672,Raksha Bandhan,Deleniti aspernatur pariatur laudantium nihil at.,Advika Dhar,Male,Gangtok
436,C058,8,1,2023-01-27,0 days 06:08:00,2023-02-03,0 days 08:15:49,Salem,Anniversary,7,6,8,January,Friday,252,252,35678,Qui Box,Sweets,252,Anniversary,Praesentium necessitatibus quos esse neque.,Charvi Kanda,Male,Guntakal
437,C010,55,1,2023-08-24,0 days 06:30:47,2023-08-27,0 days 22:56:38,Uluberia,Raksha Bandhan,3,6,22,August,Thursday,1904,1904,24931,Dolores Gift,Soft Toys,1904,Raksha Bandhan,Nobis sed corrupti cupiditate fugiat unde.,Darshit Dave,Male,Kanpur
438,C037,34,2,2023-08-26,0 days 09:27:17,2023-08-27,0 days 03:18:31,Tadepalligudem,Raksha Bandhan,1,9,3,August,Saturday,2670,1335,35693,Placeat Pack,Soft Toys,1335,Raksha Bandhan,Illo in quas at rem.,Aradhya Kumar,Male,Davanagere
439,C037,12,3,2023-12-13,0 days 08:56:11,2023-12-22,0 days 12:51:06,Hyderabad,Anniversary,9,8,12,December,Wednesday,2016,672,35693,Non Set,Plants,672,Anniversary,Fugiat id similique minima corrupti ut sint sapiente.,Aradhya Kumar,Male,Davanagere
440,C018,13,4,2023-03-07,0 days 09:33:31,2023-03-09,0 days 01:21:29,Gudivada,Holi,2,9,1,March,Tuesday,4564,1141,33717,Et Set,Mugs,1141,Holi,Eius praesentium ipsum autem.,Eva Vaidya,Male,Nizamabad
441,C052,26,2,2023-02-26,0 days 11:23:56,2023-03-06,0 days 16:38:50,Kurnool,Holi,8,11,16,February,Sunday,578,289,40731,Aliquam Box,Colors,289,Holi,Sunt repellendus quidem laborum provident voluptas ut nisi.,Vardaniya Apte,Male,Dhanbad
442,C023,3,3,2023-02-08,0 days 18:03:20,2023-02-15,0 days 08:05:39,Khandwa,Valentine's Day,7,18,8,February,Wednesday,4602,1534,41112,Eius Gift,Colors,1534,Valentine's Day,Deserunt pariatur mollitia voluptatem.,Abram Sandhu,Male,Bidhannagar
443,C046,49,3,2023-02-04,0 days 22:22:19,2023-02-13,0 days 02:16:00,Secunderabad,Valentine's Day,9,22,2,February,Saturday,2709,903,29150,Voluptate Pack,Colors,903,Valentine's Day,Saepe ratione ab inventore dignissimos.,Tara Kannan,Male,Guna
444,C021,60,3,2023-11-02,0 days 01:01:13,2023-11-09,0 days 09:54:20,Jalna,Diwali,7,1,9,November,Thursday,2481,827,23641,Ea Set,Sweets,827,Diwali,Ex omnis sit quibusdam.,Siya Talwar,Male,Mehsana
445,C047,30,5,2023-06-14,0 days 20:08:42,2023-06-15,0 days 14:22:27,Karnal,Anniversary,1,20,14,June,Wednesday,3755,751,28829,Recusandae Pack,Colors,751,Anniversary,Maxime exercitationem repellat veritatis a dolorem.,Bhamini Ravi,Male,Jorhat
446,C079,33,5,2023-02-12,0 days 02:54:04,2023-02-15,0 days 11:03:28,Bokaro,Valentine's Day,3,2,11,February,Sunday,1570,314,21593,Earum Set,Colors,314,Valentine's Day,Nisi quis nam ipsa molestias vel totam.,Vedika Sankaran,Female,Bhilai
447,C032,47,4,2023-02-27,0 days 02:45:34,2023-03-04,0 days 15:04:56,Bhilwara,Holi,5,2,15,February,Monday,6552,1638,49494,Harum Pack,Colors,1638,Holi,Maiores voluptates quam aspernatur magni distinctio provident.,Mannat Anand,Male,Surat
448,C086,16,1,2023-03-02,0 days 02:42:54,2023-03-03,0 days 13:42:24,Bulandshahr,Holi,1,2,13,March,Thursday,1721,1721,16532,Ut Pack,Sweets,1721,Holi,Quae occaecati laborum expedita perspiciatis consequatur ad.,Ivana Amble,Female,Purnia
449,C045,49,4,2023-02-13,0 days 03:18:26,2023-02-16,0 days 10:09:41,Ichalkaranji,Valentine's Day,3,3,10,February,Monday,3612,903,61294,Voluptate Pack,Colors,903,Valentine's Day,Saepe ratione ab inventore dignissimos.,Divit Mahajan,Female,Maheshtala
450,C096,39,5,2023-12-02,0 days 07:58:05,2023-12-12,0 days 10:09:58,Sri Ganganagar,All Occasions,10,7,10,December,Saturday,1935,387,12240,Voluptate Set,Mugs,387,All Occasions,Voluptates nostrum ratione sint odit dolore consectetur.,Kavya Reddy,Male,Medininagar
451,C079,33,5,2023-02-07,0 days 00:16:52,2023-02-13,0 days 21:10:57,Ujjain,Valentine's Day,6,0,21,February,Tuesday,1570,314,21593,Earum Set,Colors,314,Valentine's Day,Nisi quis nam ipsa molestias vel totam.,Vedika Sankaran,Female,Bhilai
452,C045,70,3,2023-07-09,0 days 19:57:29,2023-07-17,0 days 11:42:18,Mahbubnagar,Birthday,8,19,11,July,Sunday,2598,866,61294,Error Gift,Sweets,866,Birthday,Debitis provident illo aliquam debitis.,Divit Mahajan,Female,Maheshtala
453,C032,27,2,2023-08-21,0 days 10:11:39,2023-08-31,0 days 12:28:21,Varanasi,Raksha Bandhan,10,10,12,August,Monday,1096,548,49494,Architecto Gift,Cake,548,Raksha Bandhan,Odio quisquam inventore esse sed recusandae autem.,Mannat Anand,Male,Surat
454,C088,3,2,2023-02-07,0 days 23:26:49,2023-02-09,0 days 01:21:56,Suryapet,Valentine's Day,2,23,1,February,Tuesday,3068,1534,39375,Eius Gift,Colors,1534,Valentine's Day,Deserunt pariatur mollitia voluptatem.,Shalv Kulkarni,Female,Khora 
455,C072,1,2,2023-10-20,0 days 22:33:50,2023-10-25,0 days 18:04:20,Eluru,All Occasions,5,22,18,October,Friday,3870,1935,33067,Magnam Set,Soft Toys,1935,All Occasions,Quam numquam iste sunt nemo.,Charvi Karnik,Male,Hyderabad
456,C071,33,2,2023-02-12,0 days 22:51:39,2023-02-15,0 days 22:14:06,Nangloi Jat,Valentine's Day,3,22,22,February,Sunday,628,314,35825,Earum Set,Colors,314,Valentine's Day,Nisi quis nam ipsa molestias vel totam.,Purab Sheth,Male,Tiruppur
457,C036,22,5,2023-05-27,0 days 13:55:39,2023-05-29,0 days 16:38:25,Mirzapur,All Occasions,2,13,16,May,Saturday,8195,1639,34644,Exercitationem Pack,Soft Toys,1639,All Occasions,Iusto cum nostrum quasi dicta totam error.,Biju Bajwa,Female,Dibrugarh
458,C054,32,2,2023-07-19,0 days 17:21:30,2023-07-24,0 days 20:32:44,Ramgarh,Birthday,5,17,20,July,Wednesday,3584,1792,28005,Fuga Set,Soft Toys,1792,Birthday,Modi veniam vero dolores.,Umang Ahuja,Female,Bidhannagar
459,C093,12,2,2023-03-29,0 days 07:24:55,2023-03-30,0 days 07:34:31,Ranchi,Anniversary,1,7,7,March,Wednesday,1344,672,34849,Non Set,Plants,672,Anniversary,Fugiat id similique minima corrupti ut sint sapiente.,Mamooty Bawa,Male,Tumkur
460,C007,29,2,2023-03-04,0 days 07:58:33,2023-03-06,0 days 00:07:26,Kolhapur,Holi,2,7,0,March,Saturday,2504,1252,34438,In Set,Colors,1252,Holi,Occaecati impedit incidunt qui.,Jayant Kamdar,Male,Berhampore
461,C083,12,4,2023-06-22,0 days 08:12:37,2023-06-27,0 days 14:52:56,Srinagar,Anniversary,5,8,14,June,Thursday,2688,672,42088,Non Set,Plants,672,Anniversary,Fugiat id similique minima corrupti ut sint sapiente.,Aaryahi Sodhi,Male,Raurkela Industrial Township
462,C069,60,5,2023-11-04,0 days 18:10:06,2023-11-13,0 days 14:20:14,Kirari Suleman Nagar,Diwali,9,18,14,November,Saturday,4135,827,38017,Ea Set,Sweets,827,Diwali,Ex omnis sit quibusdam.,Hunar Tripathi,Female,Madhyamgram
463,C078,18,3,2023-09-24,0 days 22:23:47,2023-09-30,0 days 00:52:03,Hazaribagh,Birthday,6,22,0,September,Sunday,2343,781,44597,Nemo Set,Plants,781,Birthday,Perspiciatis nemo dolorem perspiciatis aspernatur.,Jivika Rajan,Female,Bhubaneswar
464,C014,18,3,2023-07-05,0 days 03:04:25,2023-07-08,0 days 13:38:45,Buxar,Birthday,3,3,13,July,Wednesday,2343,781,37235,Nemo Set,Plants,781,Birthday,Perspiciatis nemo dolorem perspiciatis aspernatur.,Indrans Shukla,Female,Panvel
465,C029,55,5,2023-08-23,0 days 23:46:12,2023-08-26,0 days 13:29:11,Madurai,Raksha Bandhan,3,23,13,August,Wednesday,9520,1904,46420,Dolores Gift,Soft Toys,1904,Raksha Bandhan,Nobis sed corrupti cupiditate fugiat unde.,Badal Sathe,Female,Haridwar
466,C053,23,1,2023-10-03,0 days 13:58:22,2023-10-11,0 days 09:59:41,Bally,Anniversary,8,13,9,October,Tuesday,1098,1098,32732,Dignissimos Pack,Sweets,1098,Anniversary,Sunt laborum incidunt ad asperiores itaque minus placeat.,Kismat Kapadia,Female,Bharatpur
467,C056,53,1,2023-08-28,0 days 14:18:44,2023-09-02,0 days 15:20:11,Gandhidham,Raksha Bandhan,5,14,15,August,Monday,1672,1672,34313,Ipsam Set,Sweets,1672,Raksha Bandhan,Deleniti aspernatur pariatur laudantium nihil at.,Pihu Choudhury,Male,Haridwar
468,C007,5,2,2023-07-25,0 days 07:57:26,2023-08-04,0 days 01:24:47,Rajahmundry,All Occasions,10,7,1,July,Tuesday,2888,1444,34438,Natus Gift,Colors,1444,All Occasions,Quis occaecati reprehenderit facere tenetur illum exercitationem.,Jayant Kamdar,Male,Berhampore
469,C051,42,4,2023-12-15,0 days 07:06:00,2023-12-19,0 days 12:56:49,Kamarhati,All Occasions,4,7,12,December,Friday,6976,1744,50856,Expedita Gift,Sweets,1744,All Occasions,Necessitatibus cum dolores alias sed.,Aradhya Batta,Female,Kota
470,C031,47,5,2023-02-28,0 days 17:34:04,2023-03-06,0 days 15:29:29,Bhavnagar,Holi,6,17,15,February,Tuesday,8190,1638,30814,Harum Pack,Colors,1638,Holi,Maiores voluptates quam aspernatur magni distinctio provident.,Madhup Wable,Female,Sasaram
471,C092,23,2,2023-01-31,0 days 12:09:01,2023-02-10,0 days 05:50:06,Tirunelveli,Anniversary,10,12,5,January,Tuesday,2196,1098,42178,Dignissimos Pack,Sweets,1098,Anniversary,Sunt laborum incidunt ad asperiores itaque minus placeat.,Zoya Mani,Male,Dibrugarh
472,C015,56,1,2023-12-24,0 days 07:32:38,2023-12-30,0 days 22:46:18,Khammam,Anniversary,6,7,22,December,Sunday,1272,1272,22045,Quia Gift,Raksha Bandhan,1272,Anniversary,Veniam expedita odit esse.,Romil Bajwa,Female,Kolkata
473,C061,22,3,2023-03-28,0 days 08:13:57,2023-04-04,0 days 15:44:18,Giridih,All Occasions,7,8,15,March,Tuesday,4917,1639,50313,Exercitationem Pack,Soft Toys,1639,All Occasions,Iusto cum nostrum quasi dicta totam error.,Akarsh Ramesh,Female,Kavali
474,C051,1,4,2023-02-07,0 days 06:31:59,2023-02-14,0 days 02:00:07,Dibrugarh,All Occasions,7,6,2,February,Tuesday,7740,1935,50856,Magnam Set,Soft Toys,1935,All Occasions,Quam numquam iste sunt nemo.,Aradhya Batta,Female,Kota
475,C099,46,2,2023-12-04,0 days 07:21:23,2023-12-08,0 days 13:32:22,Jalgaon,Anniversary,4,7,13,December,Monday,1516,758,53082,Pariatur Set,Cake,758,Anniversary,In nesciunt maxime nobis officiis dicta.,Ranbir Loyal,Female,Dhanbad
476,C067,40,2,2023-09-18,0 days 01:17:18,2023-09-20,0 days 17:53:14,Moradabad,Anniversary,2,1,17,September,Monday,3846,1923,38028,Provident Pack,Sweets,1923,Anniversary,Voluptate eaque accusamus nobis voluptatem accusamus.,Eva Sankaran,Male,Anand
477,C099,33,4,2023-02-12,0 days 17:18:09,2023-02-14,0 days 03:11:52,Gangtok,Valentine's Day,2,17,3,February,Sunday,1256,314,53082,Earum Set,Colors,314,Valentine's Day,Nisi quis nam ipsa molestias vel totam.,Ranbir Loyal,Female,Dhanbad
478,C003,11,5,2023-02-08,0 days 01:11:21,2023-02-09,0 days 09:50:19,Ambarnath,Valentine's Day,1,1,9,February,Wednesday,5480,1096,34871,Maxime Set,Mugs,1096,Valentine's Day,Sapiente exercitationem illo sed ea.,Jayesh Lanka,Male,Bilaspur
479,C071,11,1,2023-02-07,0 days 17:48:21,2023-02-11,0 days 10:48:13,Ghaziabad,Valentine's Day,4,17,10,February,Tuesday,1096,1096,35825,Maxime Set,Mugs,1096,Valentine's Day,Sapiente exercitationem illo sed ea.,Purab Sheth,Male,Tiruppur
480,C059,62,4,2023-03-06,0 days 04:29:31,2023-03-16,0 days 22:19:33,Sagar,Holi,10,4,22,March,Monday,5424,1356,31128,Sed Set,Colors,1356,Holi,Sequi et dolore et consectetur odit deleniti.,Nirvi Wagle,Male,Kalyan-Dombivli
481,C044,12,5,2023-08-21,0 days 00:00:53,2023-08-25,0 days 18:36:25,Bhiwandi,Anniversary,4,0,18,August,Monday,3360,672,70409,Non Set,Plants,672,Anniversary,Fugiat id similique minima corrupti ut sint sapiente.,Seher Mann,Male,Agra
482,C050,23,3,2023-06-05,0 days 20:33:38,2023-06-14,0 days 20:56:35,Ludhiana,Anniversary,9,20,20,June,Monday,3294,1098,40896,Dignissimos Pack,Sweets,1098,Anniversary,Sunt laborum incidunt ad asperiores itaque minus placeat.,Chirag Srinivas,Female,Imphal
483,C007,59,2,2023-08-28,0 days 06:25:03,2023-08-31,0 days 05:06:02,Pallavaram,Raksha Bandhan,3,6,5,August,Monday,1622,811,34438,Pariatur Box,Cake,811,Raksha Bandhan,Exercitationem occaecati quam aperiam.,Jayant Kamdar,Male,Berhampore
484,C034,1,5,2023-05-26,0 days 19:03:55,2023-06-03,0 days 19:32:17,Morena,All Occasions,8,19,19,May,Friday,9675,1935,33618,Magnam Set,Soft Toys,1935,All Occasions,Quam numquam iste sunt nemo.,Hridaan Sood,Male,Bhatpara
485,C029,43,4,2023-11-06,0 days 19:20:24,2023-11-14,0 days 19:27:14,Bhubaneswar,Diwali,8,19,19,November,Monday,3000,750,46420,Quisquam Pack,Raksha Bandhan,750,Diwali,Odio incidunt tempore nesciunt.,Badal Sathe,Female,Haridwar
486,C030,24,1,2023-07-25,0 days 14:34:30,2023-07-30,0 days 16:58:35,Ambattur,Birthday,5,14,16,July,Tuesday,535,535,48097,Ad Box,Mugs,535,Birthday,Possimus perspiciatis nesciunt modi molestias.,Vardaniya Contractor,Male,Sambhal
487,C053,51,1,2023-01-05,0 days 16:46:57,2023-01-09,0 days 04:28:18,Sasaram,All Occasions,4,16,4,January,Thursday,1084,1084,32732,Fugit Set,Soft Toys,1084,All Occasions,Maiores hic veritatis corporis modi.,Kismat Kapadia,Female,Bharatpur
488,C025,21,4,2023-08-28,0 days 22:13:30,2023-08-29,0 days 05:26:49,Nizamabad,Raksha Bandhan,1,22,5,August,Monday,6244,1561,26463,Quia Gift,Colors,1561,Raksha Bandhan,Autem necessitatibus perferendis consequatur suscipit iste harum sint.,Ira Bava,Female,Singrauli
489,C072,10,1,2023-08-28,0 days 22:26:56,2023-09-02,0 days 04:30:46,Kirari Suleman Nagar,Birthday,5,22,4,August,Monday,259,259,33067,Accusantium Gift,Cake,259,Birthday,Minima nobis repellendus distinctio a veritatis voluptate eaque.,Charvi Karnik,Male,Hyderabad
490,C075,2,1,2023-02-12,0 days 12:28:03,2023-02-14,0 days 12:27:19,Eluru,Valentine's Day,2,12,12,February,Sunday,441,441,13859,Voluptas Box,Plants,441,Valentine's Day,At quaerat animi nemo.,Yashvi Bansal,Female,Aligarh
491,C095,30,1,2023-10-24,0 days 06:14:34,2023-11-02,0 days 22:59:20,Muzaffarnagar,Anniversary,9,6,22,October,Tuesday,751,751,45692,Recusandae Pack,Colors,751,Anniversary,Maxime exercitationem repellat veritatis a dolorem.,Mahika Cherian,Female,Warangal
492,C047,33,2,2023-02-04,0 days 13:54:25,2023-02-13,0 days 12:04:33,Salem,Valentine's Day,9,13,12,February,Saturday,628,314,28829,Earum Set,Colors,314,Valentine's Day,Nisi quis nam ipsa molestias vel totam.,Bhamini Ravi,Male,Jorhat
493,C035,11,1,2023-02-05,0 days 22:11:24,2023-02-06,0 days 15:43:11,Gopalpur,Valentine's Day,1,22,15,February,Sunday,1096,1096,23064,Maxime Set,Mugs,1096,Valentine's Day,Sapiente exercitationem illo sed ea.,Ira Sarna,Male,Vellore
494,C082,7,4,2023-02-28,0 days 03:11:22,2023-03-08,0 days 19:06:48,Rewa,Holi,8,3,19,February,Tuesday,1636,409,26728,Quos Set,Soft Toys,409,Holi,Sint accusamus veritatis exercitationem corporis.,Anya Chaudhari,Female,Ahmednagar
495,C007,20,1,2023-08-28,0 days 17:42:29,2023-08-29,0 days 22:51:31,Pimpri-Chinchwad,Anniversary,1,17,22,August,Monday,697,697,34438,Reiciendis Box,Colors,697,Anniversary,Molestias earum quam dolor.,Jayant Kamdar,Male,Berhampore
496,C021,11,4,2023-02-09,0 days 14:31:57,2023-02-16,0 days 13:05:41,Sambhal,Valentine's Day,7,14,13,February,Thursday,4384,1096,23641,Maxime Set,Mugs,1096,Valentine's Day,Sapiente exercitationem illo sed ea.,Siya Talwar,Male,Mehsana
497,C081,64,2,2023-08-29,0 days 20:14:01,2023-09-01,0 days 04:42:56,Alwar,Raksha Bandhan,3,20,4,August,Tuesday,3756,1878,22223,Nostrum Box,Soft Toys,1878,Raksha Bandhan,Illo laboriosam at delectus.,Kaira Ramachandran,Male,Ratlam
498,C100,19,4,2023-02-13,0 days 21:34:44,2023-02-20,0 days 21:14:24,Bhusawal,Valentine's Day,7,21,21,February,Monday,4936,1234,34509,Iure Gift,Mugs,1234,Valentine's Day,Autem quaerat tempore quasi ipsam.,Pranay Chaudhary,Female,Phagwara
499,C031,59,1,2023-08-27,0 days 12:09:20,2023-09-02,0 days 10:03:32,Ichalkaranji,Raksha Bandhan,6,12,10,August,Sunday,811,811,30814,Pariatur Box,Cake,811,Raksha Bandhan,Exercitationem occaecati quam aperiam.,Madhup Wable,Female,Sasaram
500,C013,61,2,2023-06-29,0 days 10:07:52,2023-07-05,0 days 12:14:25,Bongaigaon,Anniversary,6,10,12,June,Thursday,1620,810,46738,Iusto Box,Plants,810,Anniversary,Sequi numquam rerum aspernatur aspernatur in.,Manikya Goswami,Female,Mangalore
501,C066,46,2,2023-09-02,0 days 16:27:41,2023-09-08,0 days 07:33:36,Navi Mumbai,Anniversary,6,16,7,September,Saturday,1516,758,23870,Pariatur Set,Cake,758,Anniversary,In nesciunt maxime nobis officiis dicta.,Eshani Buch,Female,Malegaon
502,C099,22,5,2023-06-24,0 days 05:33:20,2023-06-30,0 days 00:55:44,Munger,All Occasions,6,5,0,June,Saturday,8195,1639,53082,Exercitationem Pack,Soft Toys,1639,All Occasions,Iusto cum nostrum quasi dicta totam error.,Ranbir Loyal,Female,Dhanbad
503,C020,34,1,2023-08-29,0 days 20:45:45,2023-09-06,0 days 07:49:54,Dehri,Raksha Bandhan,8,20,7,August,Tuesday,1335,1335,75029,Placeat Pack,Soft Toys,1335,Raksha Bandhan,Illo in quas at rem.,Samaira Ganesh,Male,Machilipatnam
504,C058,25,1,2023-07-14,0 days 13:04:42,2023-07-24,0 days 05:20:36,Meerut,Anniversary,10,13,5,July,Friday,1202,1202,35678,Qui Gift,Plants,1202,Anniversary,Maxime culpa earum blanditiis.,Charvi Kanda,Male,Guntakal
505,C028,45,3,2023-06-02,0 days 13:19:25,2023-06-05,0 days 01:59:32,Allahabad,Birthday,3,13,1,June,Friday,2166,722,37013,Iusto Set,Raksha Bandhan,722,Birthday,Adipisci quo laboriosam.,Hridaan Rajagopalan,Female,Noida
506,C058,55,4,2023-08-27,0 days 08:52:04,2023-09-02,0 days 11:43:24,Thrissur,Raksha Bandhan,6,8,11,August,Sunday,7616,1904,35678,Dolores Gift,Soft Toys,1904,Raksha Bandhan,Nobis sed corrupti cupiditate fugiat unde.,Charvi Kanda,Male,Guntakal
507,C028,13,4,2023-03-07,0 days 00:28:11,2023-03-13,0 days 20:11:36,Malda,Holi,6,0,20,March,Tuesday,4564,1141,37013,Et Set,Mugs,1141,Holi,Eius praesentium ipsum autem.,Hridaan Rajagopalan,Female,Noida
508,C035,69,1,2023-02-26,0 days 17:29:28,2023-03-04,0 days 07:11:06,Varanasi,Holi,6,17,7,February,Sunday,998,998,23064,Id Box,Cake,998,Holi,Earum odio vitae mollitia autem.,Ira Sarna,Male,Vellore
509,C003,13,5,2023-03-05,0 days 12:48:55,2023-03-09,0 days 07:47:16,Uluberia,Holi,4,12,7,March,Sunday,5705,1141,34871,Et Set,Mugs,1141,Holi,Eius praesentium ipsum autem.,Jayesh Lanka,Male,Bilaspur
510,C017,54,5,2023-12-08,0 days 13:00:05,2023-12-17,0 days 06:14:47,Panipat,Anniversary,9,13,6,December,Friday,6180,1236,42855,Occaecati Gift,Cake,1236,Anniversary,Ducimus possimus saepe totam impedit amet reprehenderit.,Advika Dhar,Male,Gangtok
511,C055,47,2,2023-02-27,0 days 12:58:05,2023-03-04,0 days 00:46:11,Dibrugarh,Holi,5,12,0,February,Monday,3276,1638,46022,Harum Pack,Colors,1638,Holi,Maiores voluptates quam aspernatur magni distinctio provident.,Umang Luthra,Male,Imphal
512,C008,41,1,2023-11-05,0 days 02:42:41,2023-11-11,0 days 13:10:40,Ranchi,Diwali,6,2,13,November,Sunday,1977,1977,50151,Aut Box,Sweets,1977,Diwali,Ab quisquam nobis ducimus.,Veer Ray,Female,Chinsurah
513,C088,1,4,2023-03-27,0 days 09:57:32,2023-04-02,0 days 13:56:41,Nandyal,All Occasions,6,9,13,March,Monday,7740,1935,39375,Magnam Set,Soft Toys,1935,All Occasions,Quam numquam iste sunt nemo.,Shalv Kulkarni,Female,Khora 
514,C090,24,1,2023-01-01,0 days 09:56:10,2023-01-09,0 days 17:56:52,Allahabad,Birthday,8,9,17,January,Sunday,535,535,32456,Ad Box,Mugs,535,Birthday,Possimus perspiciatis nesciunt modi molestias.,Drishya De,Female,Anantapuram
515,C078,14,5,2023-10-21,0 days 23:22:39,2023-10-27,0 days 14:59:49,Unnao,Birthday,6,23,14,October,Saturday,9575,1915,44597,Deserunt Box,Colors,1915,Birthday,Incidunt hic vero esse saepe illum.,Jivika Rajan,Female,Bhubaneswar
516,C020,22,2,2023-07-05,0 days 20:52:56,2023-07-06,0 days 01:06:20,Gaya,All Occasions,1,20,1,July,Wednesday,3278,1639,75029,Exercitationem Pack,Soft Toys,1639,All Occasions,Iusto cum nostrum quasi dicta totam error.,Samaira Ganesh,Male,Machilipatnam
517,C064,60,5,2023-11-09,0 days 01:01:13,2023-11-17,0 days 19:04:55,Aligarh,Diwali,8,1,19,November,Thursday,4135,827,36991,Ea Set,Sweets,827,Diwali,Ex omnis sit quibusdam.,Indrajit Kale,Male,Srikakulam
518,C045,45,3,2023-04-09,0 days 04:46:41,2023-04-15,0 days 19:40:46,Ahmednagar,Birthday,6,4,19,April,Sunday,2166,722,61294,Iusto Set,Raksha Bandhan,722,Birthday,Adipisci quo laboriosam.,Divit Mahajan,Female,Maheshtala
519,C014,52,4,2023-02-07,0 days 23:10:38,2023-02-15,0 days 06:40:20,Hindupur,Valentine's Day,8,23,6,February,Tuesday,944,236,37235,Dolorum Box,Raksha Bandhan,236,Valentine's Day,Amet accusamus natus magni non recusandae.,Indrans Shukla,Female,Panvel
520,C026,14,5,2023-04-07,0 days 04:43:51,2023-04-08,0 days 08:21:40,Mysore,Birthday,1,4,8,April,Friday,9575,1915,31319,Deserunt Box,Colors,1915,Birthday,Incidunt hic vero esse saepe illum.,Ira Chahal,Female,Farrukhabad
521,C062,33,5,2023-02-04,0 days 21:00:17,2023-02-08,0 days 02:28:38,Noida,Valentine's Day,4,21,2,February,Saturday,1570,314,29721,Earum Set,Colors,314,Valentine's Day,Nisi quis nam ipsa molestias vel totam.,Inaaya  Sarraf,Male,Nagpur
522,C011,50,3,2023-02-27,0 days 21:04:28,2023-03-08,0 days 01:34:50,Avadi,Holi,9,21,1,February,Monday,1266,422,15042,Eligendi Set,Plants,422,Holi,Consectetur illum pariatur totam fugit eum eaque.,Lagan Kapoor,Female,Orai
523,C071,30,3,2023-07-02,0 days 13:37:08,2023-07-09,0 days 15:38:36,Muzaffarpur,Anniversary,7,13,15,July,Sunday,2253,751,35825,Recusandae Pack,Colors,751,Anniversary,Maxime exercitationem repellat veritatis a dolorem.,Purab Sheth,Male,Tiruppur
524,C084,45,1,2023-08-15,0 days 13:54:54,2023-08-22,0 days 12:29:47,Jalandhar,Birthday,7,13,12,August,Tuesday,722,722,49100,Iusto Set,Raksha Bandhan,722,Birthday,Adipisci quo laboriosam.,Anahita Shankar,Male,Tiruchirappalli
525,C033,16,2,2023-03-02,0 days 20:06:08,2023-03-11,0 days 22:22:35,Bhagalpur,Holi,9,20,22,March,Thursday,3442,1721,32998,Ut Pack,Sweets,1721,Holi,Quae occaecati laborum expedita perspiciatis consequatur ad.,Suhana Kurian,Female,Indore
526,C008,13,5,2023-03-02,0 days 06:06:20,2023-03-08,0 days 01:35:05,Bangalore,Holi,6,6,1,March,Thursday,5705,1141,50151,Et Set,Mugs,1141,Holi,Eius praesentium ipsum autem.,Veer Ray,Female,Chinsurah
527,C036,33,3,2023-02-11,0 days 12:51:40,2023-02-19,0 days 15:58:07,Bardhaman,Valentine's Day,8,12,15,February,Saturday,942,314,34644,Earum Set,Colors,314,Valentine's Day,Nisi quis nam ipsa molestias vel totam.,Biju Bajwa,Female,Dibrugarh
528,C001,27,3,2023-08-27,0 days 05:01:16,2023-08-30,0 days 17:03:43,Tirunelveli,Raksha Bandhan,3,5,17,August,Sunday,1644,548,9095,Architecto Gift,Cake,548,Raksha Bandhan,Odio quisquam inventore esse sed recusandae autem.,Tara Krishnan,Female,Panchkula
529,C013,64,2,2023-08-25,0 days 15:47:28,2023-08-28,0 days 14:05:18,Madurai,Raksha Bandhan,3,15,14,August,Friday,3756,1878,46738,Nostrum Box,Soft Toys,1878,Raksha Bandhan,Illo laboriosam at delectus.,Manikya Goswami,Female,Mangalore
530,C008,5,2,2023-08-19,0 days 10:45:21,2023-08-27,0 days 00:23:56,Delhi,All Occasions,8,10,0,August,Saturday,2888,1444,50151,Natus Gift,Colors,1444,All Occasions,Quis occaecati reprehenderit facere tenetur illum exercitationem.,Veer Ray,Female,Chinsurah
531,C029,28,5,2023-08-29,0 days 13:32:08,2023-09-07,0 days 08:43:11,Dehradun,Raksha Bandhan,9,13,8,August,Tuesday,8890,1778,46420,Velit Set,Sweets,1778,Raksha Bandhan,Quidem sit facilis consequuntur iusto dignissimos exercitationem.,Badal Sathe,Female,Haridwar
532,C036,30,5,2023-09-02,0 days 13:25:06,2023-09-10,0 days 02:55:07,Bharatpur,Anniversary,8,13,2,September,Saturday,3755,751,34644,Recusandae Pack,Colors,751,Anniversary,Maxime exercitationem repellat veritatis a dolorem.,Biju Bajwa,Female,Dibrugarh
533,C006,14,3,2023-04-18,0 days 07:19:52,2023-04-20,0 days 17:43:45,Raurkela Industrial Township,Birthday,2,7,17,April,Tuesday,5745,1915,35959,Deserunt Box,Colors,1915,Birthday,Incidunt hic vero esse saepe illum.,Rania Mann,Female,Karimnagar
534,C061,31,2,2023-11-27,0 days 03:40:16,2023-12-04,0 days 11:22:37,Naihati,All Occasions,7,3,11,November,Monday,3608,1804,50313,Nihil Box,Colors,1804,All Occasions,Eveniet sint molestiae.,Akarsh Ramesh,Female,Kavali
535,C017,25,3,2023-07-08,0 days 21:59:28,2023-07-11,0 days 06:30:40,Saharsa,Anniversary,3,21,6,July,Saturday,3606,1202,42855,Qui Gift,Plants,1202,Anniversary,Maxime culpa earum blanditiis.,Advika Dhar,Male,Gangtok
536,C048,59,3,2023-08-25,0 days 15:14:52,2023-08-30,0 days 11:13:10,Kota,Raksha Bandhan,5,15,11,August,Friday,2433,811,24465,Pariatur Box,Cake,811,Raksha Bandhan,Exercitationem occaecati quam aperiam.,Aradhya Kale,Male,Guntakal
537,C064,42,3,2023-10-17,0 days 06:19:24,2023-10-25,0 days 03:09:08,Korba,All Occasions,8,6,3,October,Tuesday,5232,1744,36991,Expedita Gift,Sweets,1744,All Occasions,Necessitatibus cum dolores alias sed.,Indrajit Kale,Male,Srikakulam
538,C097,24,5,2023-05-18,0 days 13:09:06,2023-05-19,0 days 22:36:16,Ghaziabad,Birthday,1,13,22,May,Thursday,2675,535,24253,Ad Box,Mugs,535,Birthday,Possimus perspiciatis nesciunt modi molestias.,Nakul Randhawa,Female,Sri Ganganagar
539,C056,20,3,2023-06-09,0 days 15:39:18,2023-06-16,0 days 14:17:05,Jehanabad,Anniversary,7,15,14,June,Friday,2091,697,34313,Reiciendis Box,Colors,697,Anniversary,Molestias earum quam dolor.,Pihu Choudhury,Male,Haridwar
540,C082,22,4,2023-09-06,0 days 19:07:35,2023-09-09,0 days 01:26:00,Morbi,All Occasions,3,19,1,September,Wednesday,6556,1639,26728,Exercitationem Pack,Soft Toys,1639,All Occasions,Iusto cum nostrum quasi dicta totam error.,Anya Chaudhari,Female,Ahmednagar
541,C007,24,3,2023-11-13,0 days 05:51:09,2023-11-16,0 days 22:56:34,Sasaram,Birthday,3,5,22,November,Monday,1605,535,34438,Ad Box,Mugs,535,Birthday,Possimus perspiciatis nesciunt modi molestias.,Jayant Kamdar,Male,Berhampore
542,C051,54,5,2023-07-07,0 days 19:41:20,2023-07-12,0 days 09:52:12,Satara,Anniversary,5,19,9,July,Friday,6180,1236,50856,Occaecati Gift,Cake,1236,Anniversary,Ducimus possimus saepe totam impedit amet reprehenderit.,Aradhya Batta,Female,Kota
543,C023,51,4,2023-02-12,0 days 21:51:10,2023-02-17,0 days 11:53:09,Saharanpur,All Occasions,5,21,11,February,Sunday,4336,1084,41112,Fugit Set,Soft Toys,1084,All Occasions,Maiores hic veritatis corporis modi.,Abram Sandhu,Male,Bidhannagar
544,C030,29,2,2023-03-01,0 days 02:31:54,2023-03-11,0 days 09:33:52,Belgaum,Holi,10,2,9,March,Wednesday,2504,1252,48097,In Set,Colors,1252,Holi,Occaecati impedit incidunt qui.,Vardaniya Contractor,Male,Sambhal
545,C083,9,5,2023-08-20,0 days 01:54:52,2023-08-26,0 days 08:07:19,Ratlam,Raksha Bandhan,6,1,8,August,Sunday,8025,1605,42088,Aperiam Box,Colors,1605,Raksha Bandhan,Explicabo totam quaerat a quaerat ducimus officia.,Aaryahi Sodhi,Male,Raurkela Industrial Township
546,C064,25,3,2023-02-02,0 days 22:04:53,2023-02-11,0 days 10:00:07,Motihari,Anniversary,9,22,10,February,Thursday,3606,1202,36991,Qui Gift,Plants,1202,Anniversary,Maxime culpa earum blanditiis.,Indrajit Kale,Male,Srikakulam
547,C088,30,5,2023-01-10,0 days 02:30:12,2023-01-19,0 days 13:56:41,Ahmedabad,Anniversary,9,2,13,January,Tuesday,3755,751,39375,Recusandae Pack,Colors,751,Anniversary,Maxime exercitationem repellat veritatis a dolorem.,Shalv Kulkarni,Female,Khora 
548,C012,25,2,2023-02-21,0 days 12:32:50,2023-02-22,0 days 19:47:44,Gorakhpur,Anniversary,1,12,19,February,Tuesday,2404,1202,23591,Qui Gift,Plants,1202,Anniversary,Maxime culpa earum blanditiis.,Onkar Mangat,Male,Bilaspur
549,C021,64,1,2023-08-22,0 days 19:29:43,2023-09-01,0 days 02:29:10,Erode,Raksha Bandhan,10,19,2,August,Tuesday,1878,1878,23641,Nostrum Box,Soft Toys,1878,Raksha Bandhan,Illo laboriosam at delectus.,Siya Talwar,Male,Mehsana
550,C023,29,5,2023-02-27,0 days 19:28:12,2023-03-05,0 days 17:03:39,Bettiah,Holi,6,19,17,February,Monday,6260,1252,41112,In Set,Colors,1252,Holi,Occaecati impedit incidunt qui.,Abram Sandhu,Male,Bidhannagar
551,C088,67,1,2023-04-19,0 days 20:43:42,2023-04-23,0 days 15:25:04,Kurnool,Anniversary,4,20,15,April,Wednesday,1374,1374,39375,Maiores Box,Raksha Bandhan,1374,Anniversary,Earum quos enim minima.,Shalv Kulkarni,Female,Khora 
552,C064,31,3,2023-05-10,0 days 18:59:31,2023-05-11,0 days 17:09:07,Tezpur,All Occasions,1,18,17,May,Wednesday,5412,1804,36991,Nihil Box,Colors,1804,All Occasions,Eveniet sint molestiae.,Indrajit Kale,Male,Srikakulam
553,C084,39,2,2023-08-22,0 days 01:22:41,2023-08-26,0 days 07:43:27,Alwar,All Occasions,4,1,7,August,Tuesday,774,387,49100,Voluptate Set,Mugs,387,All Occasions,Voluptates nostrum ratione sint odit dolore consectetur.,Anahita Shankar,Male,Tiruchirappalli
554,C045,29,4,2023-02-28,0 days 20:25:07,2023-03-03,0 days 16:49:01,Sangli-Miraj & Kupwad,Holi,3,20,16,February,Tuesday,5008,1252,61294,In Set,Colors,1252,Holi,Occaecati impedit incidunt qui.,Divit Mahajan,Female,Maheshtala
555,C100,56,4,2023-06-28,0 days 12:05:43,2023-06-30,0 days 17:58:12,Ratlam,Anniversary,2,12,17,June,Wednesday,5088,1272,34509,Quia Gift,Raksha Bandhan,1272,Anniversary,Veniam expedita odit esse.,Pranay Chaudhary,Female,Phagwara
556,C073,17,1,2023-12-13,0 days 15:34:22,2023-12-21,0 days 15:49:48,Cuttack,Anniversary,8,15,15,December,Wednesday,1899,1899,12863,Delectus Gift,Soft Toys,1899,Anniversary,Architecto beatae ullam ad sed dolorem voluptates est.,Zeeshan Tailor,Male,Parbhani
557,C039,47,3,2023-03-01,0 days 03:00:42,2023-03-08,0 days 02:10:39,Kavali,Holi,7,3,2,March,Wednesday,4914,1638,30237,Harum Pack,Colors,1638,Holi,Maiores voluptates quam aspernatur magni distinctio provident.,Kaira Bahl,Male,Kamarhati
558,C091,64,3,2023-08-22,0 days 00:42:58,2023-08-25,0 days 00:24:52,Muzaffarpur,Raksha Bandhan,3,0,0,August,Tuesday,5634,1878,32001,Nostrum Box,Soft Toys,1878,Raksha Bandhan,Illo laboriosam at delectus.,Adira Rajan,Female,New Delhi
559,C084,45,1,2023-12-19,0 days 16:37:11,2023-12-26,0 days 18:35:43,Mau,Birthday,7,16,18,December,Tuesday,722,722,49100,Iusto Set,Raksha Bandhan,722,Birthday,Adipisci quo laboriosam.,Anahita Shankar,Male,Tiruchirappalli
560,C019,39,2,2023-08-04,0 days 12:52:20,2023-08-09,0 days 09:50:53,Avadi,All Occasions,5,12,9,August,Friday,774,387,40031,Voluptate Set,Mugs,387,All Occasions,Voluptates nostrum ratione sint odit dolore consectetur.,Amira Sengupta,Male,Danapur
561,C099,49,5,2023-02-12,0 days 12:24:35,2023-02-21,0 days 17:23:34,Ghaziabad,Valentine's Day,9,12,17,February,Sunday,4515,903,53082,Voluptate Pack,Colors,903,Valentine's Day,Saepe ratione ab inventore dignissimos.,Ranbir Loyal,Female,Dhanbad
562,C066,24,4,2023-08-09,0 days 09:18:20,2023-08-16,0 days 01:34:07,Ranchi,Birthday,7,9,1,August,Wednesday,2140,535,23870,Ad Box,Mugs,535,Birthday,Possimus perspiciatis nesciunt modi molestias.,Eshani Buch,Female,Malegaon
563,C077,58,5,2023-02-11,0 days 11:43:18,2023-02-19,0 days 05:04:29,Jorhat,Valentine's Day,8,11,5,February,Saturday,7460,1492,48915,Sed Pack,Cake,1492,Valentine's Day,Reiciendis nam omnis vel explicabo amet perferendis.,Gokul Ahluwalia,Female,Panchkula
564,C007,40,1,2023-04-07,0 days 00:40:20,2023-04-15,0 days 06:06:57,Gandhinagar,Anniversary,8,0,6,April,Friday,1923,1923,34438,Provident Pack,Sweets,1923,Anniversary,Voluptate eaque accusamus nobis voluptatem accusamus.,Jayant Kamdar,Male,Berhampore
565,C011,50,3,2023-03-06,0 days 17:28:16,2023-03-14,0 days 13:12:47,Mehsana,Holi,8,17,13,March,Monday,1266,422,15042,Eligendi Set,Plants,422,Holi,Consectetur illum pariatur totam fugit eum eaque.,Lagan Kapoor,Female,Orai
566,C054,42,4,2023-05-12,0 days 12:48:03,2023-05-14,0 days 20:36:32,Patna,All Occasions,2,12,20,May,Friday,6976,1744,28005,Expedita Gift,Sweets,1744,All Occasions,Necessitatibus cum dolores alias sed.,Umang Ahuja,Female,Bidhannagar
567,C090,66,1,2023-03-06,0 days 06:11:59,2023-03-15,0 days 18:57:04,Unnao,Holi,9,6,18,March,Monday,610,610,32456,Quas Box,Colors,610,Holi,Architecto debitis repellendus error ducimus quod quo.,Drishya De,Female,Anantapuram
568,C056,10,1,2023-06-29,0 days 20:55:39,2023-07-08,0 days 13:16:14,Bhubaneswar,Birthday,9,20,13,June,Thursday,259,259,34313,Accusantium Gift,Cake,259,Birthday,Minima nobis repellendus distinctio a veritatis voluptate eaque.,Pihu Choudhury,Male,Haridwar
569,C027,53,2,2023-08-28,0 days 14:00:43,2023-09-04,0 days 17:56:22,Purnia,Raksha Bandhan,7,14,17,August,Monday,3344,1672,33149,Ipsam Set,Sweets,1672,Raksha Bandhan,Deleniti aspernatur pariatur laudantium nihil at.,Kashvi Sur,Female,Serampore
570,C056,69,3,2023-02-28,0 days 11:25:04,2023-03-09,0 days 00:53:55,Satna,Holi,9,11,0,February,Tuesday,2994,998,34313,Id Box,Cake,998,Holi,Earum odio vitae mollitia autem.,Pihu Choudhury,Male,Haridwar
571,C046,6,1,2023-02-28,0 days 09:38:25,2023-03-09,0 days 04:26:01,Bhatpara,Holi,9,9,4,February,Tuesday,1112,1112,29150,Quos Box,Cake,1112,Holi,Eum deleniti adipisci vero neque.,Tara Kannan,Male,Guna
572,C060,25,5,2023-06-04,0 days 15:48:37,2023-06-10,0 days 10:11:48,Kamarhati,Anniversary,6,15,10,June,Sunday,6010,1202,45635,Qui Gift,Plants,1202,Anniversary,Maxime culpa earum blanditiis.,Riya Wagle,Male,Satara
573,C040,3,5,2023-02-08,0 days 02:52:06,2023-02-14,0 days 02:57:06,Thane,Valentine's Day,6,2,2,February,Wednesday,7670,1534,41660,Eius Gift,Colors,1534,Valentine's Day,Deserunt pariatur mollitia voluptatem.,Hazel Mangat,Female,Pallavaram
574,C064,29,3,2023-03-02,0 days 23:57:06,2023-03-06,0 days 21:45:12,Kozhikode,Holi,4,23,21,March,Thursday,3756,1252,36991,In Set,Colors,1252,Holi,Occaecati impedit incidunt qui.,Indrajit Kale,Male,Srikakulam
575,C076,49,2,2023-02-06,0 days 13:24:32,2023-02-09,0 days 14:55:08,Kota,Valentine's Day,3,13,14,February,Monday,1806,903,25892,Voluptate Pack,Colors,903,Valentine's Day,Saepe ratione ab inventore dignissimos.,Oorja Dayal,Female,Gaya
576,C074,53,4,2023-08-20,0 days 07:04:37,2023-08-26,0 days 08:01:59,Aurangabad,Raksha Bandhan,6,7,8,August,Sunday,6688,1672,29303,Ipsam Set,Sweets,1672,Raksha Bandhan,Deleniti aspernatur pariatur laudantium nihil at.,Vanya Apte,Female,Sultan Pur Majra
577,C008,20,4,2023-10-28,0 days 14:51:26,2023-11-05,0 days 18:50:45,Hazaribagh,Anniversary,8,14,18,October,Saturday,2788,697,50151,Reiciendis Box,Colors,697,Anniversary,Molestias earum quam dolor.,Veer Ray,Female,Chinsurah
578,C008,18,4,2023-07-31,0 days 18:27:40,2023-08-06,0 days 16:43:25,Warangal,Birthday,6,18,16,July,Monday,3124,781,50151,Nemo Set,Plants,781,Birthday,Perspiciatis nemo dolorem perspiciatis aspernatur.,Veer Ray,Female,Chinsurah
579,C092,29,2,2023-03-07,0 days 21:38:40,2023-03-14,0 days 10:45:06,Maheshtala,Holi,7,21,10,March,Tuesday,2504,1252,42178,In Set,Colors,1252,Holi,Occaecati impedit incidunt qui.,Zoya Mani,Male,Dibrugarh
580,C093,24,4,2023-06-16,0 days 22:03:12,2023-06-20,0 days 12:25:42,Bhatpara,Birthday,4,22,12,June,Friday,2140,535,34849,Ad Box,Mugs,535,Birthday,Possimus perspiciatis nesciunt modi molestias.,Mamooty Bawa,Male,Tumkur
581,C082,18,2,2023-07-02,0 days 02:08:23,2023-07-11,0 days 14:56:59,Anand,Birthday,9,2,14,July,Sunday,1562,781,26728,Nemo Set,Plants,781,Birthday,Perspiciatis nemo dolorem perspiciatis aspernatur.,Anya Chaudhari,Female,Ahmednagar
582,C019,3,4,2023-02-04,0 days 18:30:31,2023-02-05,0 days 19:16:41,Latur,Valentine's Day,1,18,19,February,Saturday,6136,1534,40031,Eius Gift,Colors,1534,Valentine's Day,Deserunt pariatur mollitia voluptatem.,Amira Sengupta,Male,Danapur
583,C025,56,4,2023-09-18,0 days 16:47:25,2023-09-22,0 days 19:58:33,Hosur,Anniversary,4,16,19,September,Monday,5088,1272,26463,Quia Gift,Raksha Bandhan,1272,Anniversary,Veniam expedita odit esse.,Ira Bava,Female,Singrauli
584,C089,34,2,2023-08-23,0 days 07:39:30,2023-08-27,0 days 16:10:28,Eluru,Raksha Bandhan,4,7,16,August,Wednesday,2670,1335,43844,Placeat Pack,Soft Toys,1335,Raksha Bandhan,Illo in quas at rem.,Oorja Dey,Female,Nellore
585,C013,63,5,2023-04-26,0 days 18:32:41,2023-05-01,0 days 01:52:06,Bhubaneswar,All Occasions,5,18,1,April,Wednesday,6740,1348,46738,Adipisci Set,Sweets,1348,All Occasions,Recusandae voluptate eaque blanditiis harum in facere consequuntur.,Manikya Goswami,Female,Mangalore
586,C068,64,5,2023-08-27,0 days 21:04:38,2023-09-04,0 days 16:30:39,Bilaspur,Raksha Bandhan,8,21,16,August,Sunday,9390,1878,25168,Nostrum Box,Soft Toys,1878,Raksha Bandhan,Illo laboriosam at delectus.,Ritvik Garde,Male,Kalyan-Dombivli
587,C018,43,1,2023-11-02,0 days 00:51:24,2023-11-03,0 days 10:41:06,Panchkula,Diwali,1,0,10,November,Thursday,750,750,33717,Quisquam Pack,Raksha Bandhan,750,Diwali,Odio incidunt tempore nesciunt.,Eva Vaidya,Male,Nizamabad
588,C056,49,5,2023-02-04,0 days 06:37:00,2023-02-05,0 days 21:21:57,Kishanganj,Valentine's Day,1,6,21,February,Saturday,4515,903,34313,Voluptate Pack,Colors,903,Valentine's Day,Saepe ratione ab inventore dignissimos.,Pihu Choudhury,Male,Haridwar
589,C093,40,3,2023-12-09,0 days 21:23:17,2023-12-19,0 days 01:21:34,Lucknow,Anniversary,10,21,1,December,Saturday,5769,1923,34849,Provident Pack,Sweets,1923,Anniversary,Voluptate eaque accusamus nobis voluptatem accusamus.,Mamooty Bawa,Male,Tumkur
590,C006,23,2,2023-01-19,0 days 21:36:21,2023-01-23,0 days 05:53:50,Durg,Anniversary,4,21,5,January,Thursday,2196,1098,35959,Dignissimos Pack,Sweets,1098,Anniversary,Sunt laborum incidunt ad asperiores itaque minus placeat.,Rania Mann,Female,Karimnagar
591,C002,31,3,2023-07-06,0 days 12:56:00,2023-07-14,0 days 00:00:51,Surat,All Occasions,8,12,0,July,Thursday,5412,1804,23860,Nihil Box,Colors,1804,All Occasions,Eveniet sint molestiae.,Myra Edwin,Female,Bulandshahr
592,C007,47,5,2023-03-07,0 days 03:27:03,2023-03-11,0 days 21:41:23,Phusro,Holi,4,3,21,March,Tuesday,8190,1638,34438,Harum Pack,Colors,1638,Holi,Maiores voluptates quam aspernatur magni distinctio provident.,Jayant Kamdar,Male,Berhampore
593,C016,58,3,2023-02-05,0 days 17:30:40,2023-02-12,0 days 09:34:03,Bhilai,Valentine's Day,7,17,9,February,Sunday,4476,1492,37655,Sed Pack,Cake,1492,Valentine's Day,Reiciendis nam omnis vel explicabo amet perferendis.,Amani Ganesh,Male,Tenali
594,C060,20,2,2023-05-26,0 days 21:26:03,2023-06-01,0 days 04:59:28,Varanasi,Anniversary,6,21,4,May,Friday,1394,697,45635,Reiciendis Box,Colors,697,Anniversary,Molestias earum quam dolor.,Riya Wagle,Male,Satara
595,C022,51,4,2023-11-08,0 days 13:49:19,2023-11-15,0 days 04:06:31,Dhanbad,All Occasions,7,13,4,November,Wednesday,4336,1084,40262,Fugit Set,Soft Toys,1084,All Occasions,Maiores hic veritatis corporis modi.,Ivana Rout,Male,Khandwa
596,C046,50,1,2023-03-05,0 days 14:57:41,2023-03-14,0 days 17:58:44,Tiruppur,Holi,9,14,17,March,Sunday,422,422,29150,Eligendi Set,Plants,422,Holi,Consectetur illum pariatur totam fugit eum eaque.,Tara Kannan,Male,Guna
597,C074,16,1,2023-03-01,0 days 01:05:53,2023-03-06,0 days 02:49:44,Pimpri-Chinchwad,Holi,5,1,2,March,Wednesday,1721,1721,29303,Ut Pack,Sweets,1721,Holi,Quae occaecati laborum expedita perspiciatis consequatur ad.,Vanya Apte,Female,Sultan Pur Majra
598,C054,37,3,2023-11-11,0 days 02:51:23,2023-11-18,0 days 21:53:27,Ratlam,Diwali,7,2,21,November,Saturday,4284,1428,28005,Officiis Pack,Colors,1428,Diwali,Error facere quae cupiditate provident.,Umang Ahuja,Female,Bidhannagar
599,C004,34,1,2023-08-21,0 days 19:32:24,2023-08-24,0 days 12:13:52,Naihati,Raksha Bandhan,3,19,12,August,Monday,1335,1335,35894,Placeat Pack,Soft Toys,1335,Raksha Bandhan,Illo in quas at rem.,Tarini Bava,Male,Miryalaguda
600,C095,47,4,2023-03-07,0 days 21:24:39,2023-03-09,0 days 15:17:19,Shimla,Holi,2,21,15,March,Tuesday,6552,1638,45692,Harum Pack,Colors,1638,Holi,Maiores voluptates quam aspernatur magni distinctio provident.,Mahika Cherian,Female,Warangal
601,C030,1,4,2023-03-14,0 days 02:37:47,2023-03-18,0 days 03:37:12,Raurkela Industrial Township,All Occasions,4,2,3,March,Tuesday,7740,1935,48097,Magnam Set,Soft Toys,1935,All Occasions,Quam numquam iste sunt nemo.,Vardaniya Contractor,Male,Sambhal
602,C042,43,5,2023-11-02,0 days 10:17:25,2023-11-11,0 days 06:02:00,Buxar,Diwali,9,10,6,November,Thursday,3750,750,28243,Quisquam Pack,Raksha Bandhan,750,Diwali,Odio incidunt tempore nesciunt.,Eshani Sharma,Male,Ajmer
603,C079,8,3,2023-05-29,0 days 05:23:57,2023-06-07,0 days 15:14:45,Tiruvottiyur,Anniversary,9,5,15,May,Monday,756,252,21593,Qui Box,Sweets,252,Anniversary,Praesentium necessitatibus quos esse neque.,Vedika Sankaran,Female,Bhilai
604,C069,39,3,2023-01-31,0 days 19:54:56,2023-02-03,0 days 21:24:38,Tadipatri,All Occasions,3,19,21,January,Tuesday,1161,387,38017,Voluptate Set,Mugs,387,All Occasions,Voluptates nostrum ratione sint odit dolore consectetur.,Hunar Tripathi,Female,Madhyamgram
605,C068,45,2,2023-12-21,0 days 22:21:06,2023-12-25,0 days 20:49:33,Kakinada,Birthday,4,22,20,December,Thursday,1444,722,25168,Iusto Set,Raksha Bandhan,722,Birthday,Adipisci quo laboriosam.,Ritvik Garde,Male,Kalyan-Dombivli
606,C047,3,5,2023-02-08,0 days 02:13:13,2023-02-17,0 days 07:31:32,Sambalpur,Valentine's Day,9,2,7,February,Wednesday,7670,1534,28829,Eius Gift,Colors,1534,Valentine's Day,Deserunt pariatur mollitia voluptatem.,Bhamini Ravi,Male,Jorhat
607,C028,50,3,2023-03-03,0 days 01:50:25,2023-03-05,0 days 09:52:56,Bidhannagar,Holi,2,1,9,March,Friday,1266,422,37013,Eligendi Set,Plants,422,Holi,Consectetur illum pariatur totam fugit eum eaque.,Hridaan Rajagopalan,Female,Noida
608,C030,55,5,2023-08-28,0 days 20:30:15,2023-09-01,0 days 07:14:20,Etawah,Raksha Bandhan,4,20,7,August,Monday,9520,1904,48097,Dolores Gift,Soft Toys,1904,Raksha Bandhan,Nobis sed corrupti cupiditate fugiat unde.,Vardaniya Contractor,Male,Sambhal
609,C024,25,5,2023-10-27,0 days 11:08:56,2023-10-28,0 days 23:46:55,Hazaribagh,Anniversary,1,11,23,October,Friday,6010,1202,59666,Qui Gift,Plants,1202,Anniversary,Maxime culpa earum blanditiis.,Jhanvi Chowdhury,Female,Kavali
610,C068,5,3,2023-01-03,0 days 17:25:41,2023-01-05,0 days 00:11:36,Sirsa,All Occasions,2,17,0,January,Tuesday,4332,1444,25168,Natus Gift,Colors,1444,All Occasions,Quis occaecati reprehenderit facere tenetur illum exercitationem.,Ritvik Garde,Male,Kalyan-Dombivli
611,C056,28,2,2023-08-22,0 days 21:17:50,2023-08-28,0 days 03:27:30,Latur,Raksha Bandhan,6,21,3,August,Tuesday,3556,1778,34313,Velit Set,Sweets,1778,Raksha Bandhan,Quidem sit facilis consequuntur iusto dignissimos exercitationem.,Pihu Choudhury,Male,Haridwar
612,C075,26,1,2023-03-02,0 days 10:22:25,2023-03-08,0 days 12:39:50,Shivpuri,Holi,6,10,12,March,Thursday,289,289,13859,Aliquam Box,Colors,289,Holi,Sunt repellendus quidem laborum provident voluptas ut nisi.,Yashvi Bansal,Female,Aligarh
613,C063,4,5,2023-11-10,0 days 17:54:34,2023-11-14,0 days 19:18:27,Gwalior,Diwali,4,17,19,November,Friday,5995,1199,43857,Accusantium Set,Sweets,1199,Diwali,Corporis odio consequatur perferendis repellendus laudantium deserunt.,Arhaan Ahluwalia,Male,Jamnagar
614,C089,26,1,2023-03-03,0 days 15:36:13,2023-03-07,0 days 18:51:41,Aizawl,Holi,4,15,18,March,Friday,289,289,43844,Aliquam Box,Colors,289,Holi,Sunt repellendus quidem laborum provident voluptas ut nisi.,Oorja Dey,Female,Nellore
615,C020,28,3,2023-08-25,0 days 21:11:09,2023-09-01,0 days 06:10:16,Allahabad,Raksha Bandhan,7,21,6,August,Friday,5334,1778,75029,Velit Set,Sweets,1778,Raksha Bandhan,Quidem sit facilis consequuntur iusto dignissimos exercitationem.,Samaira Ganesh,Male,Machilipatnam
616,C006,44,5,2023-11-08,0 days 23:57:57,2023-11-12,0 days 19:20:59,Phagwara,Diwali,4,23,19,November,Wednesday,3970,794,35959,Dolorum Set,Plants,794,Diwali,Nam quod aliquid.,Rania Mann,Female,Karimnagar
617,C083,22,1,2023-02-19,0 days 02:53:42,2023-02-28,0 days 17:01:34,Uluberia,All Occasions,9,2,17,February,Sunday,1639,1639,42088,Exercitationem Pack,Soft Toys,1639,All Occasions,Iusto cum nostrum quasi dicta totam error.,Aaryahi Sodhi,Male,Raurkela Industrial Township
618,C073,60,4,2023-11-05,0 days 16:09:13,2023-11-15,0 days 17:21:36,Lucknow,Diwali,10,16,17,November,Sunday,3308,827,12863,Ea Set,Sweets,827,Diwali,Ex omnis sit quibusdam.,Zeeshan Tailor,Male,Parbhani
619,C091,35,1,2023-03-06,0 days 07:18:46,2023-03-16,0 days 03:17:33,Patiala,Holi,10,7,3,March,Monday,1865,1865,32001,Nam Gift,Colors,1865,Holi,Ab possimus tempore maiores nesciunt enim placeat excepturi.,Adira Rajan,Female,New Delhi
620,C074,67,3,2023-07-11,0 days 22:23:01,2023-07-18,0 days 01:24:50,Chapra,Anniversary,7,22,1,July,Tuesday,4122,1374,29303,Maiores Box,Raksha Bandhan,1374,Anniversary,Earum quos enim minima.,Vanya Apte,Female,Sultan Pur Majra
621,C070,64,3,2023-08-20,0 days 07:17:03,2023-08-28,0 days 01:32:49,Ahmedabad,Raksha Bandhan,8,7,1,August,Sunday,5634,1878,39355,Nostrum Box,Soft Toys,1878,Raksha Bandhan,Illo laboriosam at delectus.,Emir Gokhale,Male,Bhatpara
622,C084,4,4,2023-11-08,0 days 14:13:32,2023-11-09,0 days 15:59:02,Bhiwandi,Diwali,1,14,15,November,Wednesday,4796,1199,49100,Accusantium Set,Sweets,1199,Diwali,Corporis odio consequatur perferendis repellendus laudantium deserunt.,Anahita Shankar,Male,Tiruchirappalli
623,C045,37,2,2023-11-08,0 days 13:37:50,2023-11-18,0 days 14:25:39,Lucknow,Diwali,10,13,14,November,Wednesday,2856,1428,61294,Officiis Pack,Colors,1428,Diwali,Error facere quae cupiditate provident.,Divit Mahajan,Female,Maheshtala
624,C024,53,5,2023-08-29,0 days 09:19:59,2023-09-01,0 days 08:29:54,Ambala,Raksha Bandhan,3,9,8,August,Tuesday,8360,1672,59666,Ipsam Set,Sweets,1672,Raksha Bandhan,Deleniti aspernatur pariatur laudantium nihil at.,Jhanvi Chowdhury,Female,Kavali
625,C089,63,5,2023-02-23,0 days 21:15:42,2023-03-04,0 days 02:46:06,Belgaum,All Occasions,9,21,2,February,Thursday,6740,1348,43844,Adipisci Set,Sweets,1348,All Occasions,Recusandae voluptate eaque blanditiis harum in facere consequuntur.,Oorja Dey,Female,Nellore
626,C024,40,5,2023-09-23,0 days 15:12:58,2023-09-27,0 days 08:14:22,Bellary,Anniversary,4,15,8,September,Saturday,9615,1923,59666,Provident Pack,Sweets,1923,Anniversary,Voluptate eaque accusamus nobis voluptatem accusamus.,Jhanvi Chowdhury,Female,Kavali
627,C024,51,4,2023-02-05,0 days 04:30:25,2023-02-08,0 days 23:38:12,Sirsa,All Occasions,3,4,23,February,Sunday,4336,1084,59666,Fugit Set,Soft Toys,1084,All Occasions,Maiores hic veritatis corporis modi.,Jhanvi Chowdhury,Female,Kavali
628,C061,11,5,2023-02-10,0 days 21:50:27,2023-02-13,0 days 21:07:46,Ongole,Valentine's Day,3,21,21,February,Friday,5480,1096,50313,Maxime Set,Mugs,1096,Valentine's Day,Sapiente exercitationem illo sed ea.,Akarsh Ramesh,Female,Kavali
629,C032,28,5,2023-08-27,0 days 09:09:01,2023-09-04,0 days 15:31:23,Sangli-Miraj & Kupwad,Raksha Bandhan,8,9,15,August,Sunday,8890,1778,49494,Velit Set,Sweets,1778,Raksha Bandhan,Quidem sit facilis consequuntur iusto dignissimos exercitationem.,Mannat Anand,Male,Surat
630,C071,67,3,2023-02-21,0 days 21:37:47,2023-03-01,0 days 18:53:08,Karimnagar,Anniversary,8,21,18,February,Tuesday,4122,1374,35825,Maiores Box,Raksha Bandhan,1374,Anniversary,Earum quos enim minima.,Purab Sheth,Male,Tiruppur
631,C044,32,4,2023-04-13,0 days 21:41:50,2023-04-17,0 days 03:45:03,Gopalpur,Birthday,4,21,3,April,Thursday,7168,1792,70409,Fuga Set,Soft Toys,1792,Birthday,Modi veniam vero dolores.,Seher Mann,Male,Agra
632,C075,51,1,2023-07-11,0 days 22:35:01,2023-07-12,0 days 11:32:50,Adoni,All Occasions,1,22,11,July,Tuesday,1084,1084,13859,Fugit Set,Soft Toys,1084,All Occasions,Maiores hic veritatis corporis modi.,Yashvi Bansal,Female,Aligarh
633,C031,52,5,2023-02-10,0 days 14:44:42,2023-02-15,0 days 05:12:46,Surat,Valentine's Day,5,14,5,February,Friday,1180,236,30814,Dolorum Box,Raksha Bandhan,236,Valentine's Day,Amet accusamus natus magni non recusandae.,Madhup Wable,Female,Sasaram
634,C038,57,3,2023-05-07,0 days 06:36:16,2023-05-11,0 days 13:43:49,Fatehpur,Birthday,4,6,13,May,Sunday,4746,1582,40160,Voluptatem Box,Colors,1582,Birthday,Similique dolor saepe molestiae.,Yakshit Shah,Female,Aizawl
635,C095,67,1,2023-11-12,0 days 18:37:11,2023-11-22,0 days 07:23:32,Navi Mumbai,Anniversary,10,18,7,November,Sunday,1374,1374,45692,Maiores Box,Raksha Bandhan,1374,Anniversary,Earum quos enim minima.,Mahika Cherian,Female,Warangal
636,C067,53,2,2023-08-25,0 days 07:18:26,2023-09-02,0 days 03:33:45,Panipat,Raksha Bandhan,8,7,3,August,Friday,3344,1672,38028,Ipsam Set,Sweets,1672,Raksha Bandhan,Deleniti aspernatur pariatur laudantium nihil at.,Eva Sankaran,Male,Anand
637,C056,51,3,2023-03-12,0 days 19:29:26,2023-03-20,0 days 22:34:14,Darbhanga,All Occasions,8,19,22,March,Sunday,3252,1084,34313,Fugit Set,Soft Toys,1084,All Occasions,Maiores hic veritatis corporis modi.,Pihu Choudhury,Male,Haridwar
638,C060,39,1,2023-04-23,0 days 02:13:33,2023-04-27,0 days 02:51:20,Mira-Bhayandar,All Occasions,4,2,2,April,Sunday,387,387,45635,Voluptate Set,Mugs,387,All Occasions,Voluptates nostrum ratione sint odit dolore consectetur.,Riya Wagle,Male,Satara
639,C098,24,1,2023-05-26,0 days 02:36:31,2023-05-31,0 days 03:18:25,Amaravati,Birthday,5,2,3,May,Friday,535,535,40556,Ad Box,Mugs,535,Birthday,Possimus perspiciatis nesciunt modi molestias.,Navya Golla,Male,Cuttack
640,C089,59,3,2023-08-23,0 days 06:16:51,2023-08-31,0 days 19:07:21,Bathinda,Raksha Bandhan,8,6,19,August,Wednesday,2433,811,43844,Pariatur Box,Cake,811,Raksha Bandhan,Exercitationem occaecati quam aperiam.,Oorja Dey,Female,Nellore
641,C063,15,4,2023-05-18,0 days 23:59:56,2023-05-26,0 days 19:14:55,South Dumdum,Anniversary,8,23,19,May,Thursday,5952,1488,43857,Repudiandae Box,Raksha Bandhan,1488,Anniversary,Consequuntur placeat quia voluptate esse consectetur accusamus nemo.,Arhaan Ahluwalia,Male,Jamnagar
642,C021,44,5,2023-11-02,0 days 05:26:04,2023-11-07,0 days 00:29:51,Kozhikode,Diwali,5,5,0,November,Thursday,3970,794,23641,Dolorum Set,Plants,794,Diwali,Nam quod aliquid.,Siya Talwar,Male,Mehsana
643,C063,35,2,2023-02-26,0 days 13:10:24,2023-03-06,0 days 20:24:10,Malda,Holi,8,13,20,February,Sunday,3730,1865,43857,Nam Gift,Colors,1865,Holi,Ab possimus tempore maiores nesciunt enim placeat excepturi.,Arhaan Ahluwalia,Male,Jamnagar
644,C050,67,1,2023-09-01,0 days 14:54:36,2023-09-11,0 days 11:21:18,Parbhani,Anniversary,10,14,11,September,Friday,1374,1374,40896,Maiores Box,Raksha Bandhan,1374,Anniversary,Earum quos enim minima.,Chirag Srinivas,Female,Imphal
645,C033,50,3,2023-02-27,0 days 01:46:39,2023-02-28,0 days 02:07:11,Danapur,Holi,1,1,2,February,Monday,1266,422,32998,Eligendi Set,Plants,422,Holi,Consectetur illum pariatur totam fugit eum eaque.,Suhana Kurian,Female,Indore
646,C015,38,5,2023-05-13,0 days 16:30:10,2023-05-23,0 days 09:16:58,Morbi,Birthday,10,16,9,May,Saturday,2810,562,22045,Mollitia Set,Cake,562,Birthday,Eaque deserunt possimus alias sint odit facere.,Romil Bajwa,Female,Kolkata
647,C069,21,5,2023-08-25,0 days 17:00:25,2023-08-26,0 days 01:29:04,Anantapuram,Raksha Bandhan,1,17,1,August,Friday,7805,1561,38017,Quia Gift,Colors,1561,Raksha Bandhan,Autem necessitatibus perferendis consequatur suscipit iste harum sint.,Hunar Tripathi,Female,Madhyamgram
648,C040,41,3,2023-11-05,0 days 19:06:16,2023-11-09,0 days 08:25:00,Chittoor,Diwali,4,19,8,November,Sunday,5931,1977,41660,Aut Box,Sweets,1977,Diwali,Ab quisquam nobis ducimus.,Hazel Mangat,Female,Pallavaram
649,C053,43,3,2023-11-02,0 days 03:05:41,2023-11-11,0 days 08:55:15,Naihati,Diwali,9,3,8,November,Thursday,2250,750,32732,Quisquam Pack,Raksha Bandhan,750,Diwali,Odio incidunt tempore nesciunt.,Kismat Kapadia,Female,Bharatpur
650,C077,32,3,2023-02-23,0 days 01:54:43,2023-03-02,0 days 03:09:36,Guwahati,Birthday,7,1,3,February,Thursday,5376,1792,48915,Fuga Set,Soft Toys,1792,Birthday,Modi veniam vero dolores.,Gokul Ahluwalia,Female,Panchkula
651,C017,11,4,2023-02-13,0 days 02:16:28,2023-02-19,0 days 11:55:54,Panihati,Valentine's Day,6,2,11,February,Monday,4384,1096,42855,Maxime Set,Mugs,1096,Valentine's Day,Sapiente exercitationem illo sed ea.,Advika Dhar,Male,Gangtok
652,C032,21,2,2023-08-28,0 days 19:41:09,2023-09-03,0 days 00:01:31,Phagwara,Raksha Bandhan,6,19,0,August,Monday,3122,1561,49494,Quia Gift,Colors,1561,Raksha Bandhan,Autem necessitatibus perferendis consequatur suscipit iste harum sint.,Mannat Anand,Male,Surat
653,C076,17,4,2023-11-29,0 days 13:38:07,2023-12-01,0 days 05:52:11,Bhilwara,Anniversary,2,13,5,November,Wednesday,7596,1899,25892,Delectus Gift,Soft Toys,1899,Anniversary,Architecto beatae ullam ad sed dolorem voluptates est.,Oorja Dayal,Female,Gaya
654,C019,64,2,2023-08-29,0 days 04:53:15,2023-09-02,0 days 00:41:13,Jhansi,Raksha Bandhan,4,4,0,August,Tuesday,3756,1878,40031,Nostrum Box,Soft Toys,1878,Raksha Bandhan,Illo laboriosam at delectus.,Amira Sengupta,Male,Danapur
655,C015,17,1,2023-11-08,0 days 21:19:04,2023-11-17,0 days 18:57:37,Jalna,Anniversary,9,21,18,November,Wednesday,1899,1899,22045,Delectus Gift,Soft Toys,1899,Anniversary,Architecto beatae ullam ad sed dolorem voluptates est.,Romil Bajwa,Female,Kolkata
656,C032,68,2,2023-02-05,0 days 18:34:41,2023-02-06,0 days 04:46:00,Dehri,Valentine's Day,1,18,4,February,Sunday,1194,597,49494,Quas Gift,Soft Toys,597,Valentine's Day,Enim non fugit reprehenderit minima.,Mannat Anand,Male,Surat
657,C055,13,3,2023-03-03,0 days 09:37:53,2023-03-08,0 days 14:48:35,Kochi,Holi,5,9,14,March,Friday,3423,1141,46022,Et Set,Mugs,1141,Holi,Eius praesentium ipsum autem.,Umang Luthra,Male,Imphal
658,C061,21,3,2023-08-22,0 days 20:54:56,2023-08-31,0 days 08:54:06,Srikakulam,Raksha Bandhan,9,20,8,August,Tuesday,4683,1561,50313,Quia Gift,Colors,1561,Raksha Bandhan,Autem necessitatibus perferendis consequatur suscipit iste harum sint.,Akarsh Ramesh,Female,Kavali
659,C048,19,5,2023-02-05,0 days 17:44:56,2023-02-12,0 days 22:37:43,Silchar,Valentine's Day,7,17,22,February,Sunday,6170,1234,24465,Iure Gift,Mugs,1234,Valentine's Day,Autem quaerat tempore quasi ipsam.,Aradhya Kale,Male,Guntakal
660,C053,58,3,2023-02-11,0 days 06:08:46,2023-02-21,0 days 20:48:35,Amravati,Valentine's Day,10,6,20,February,Saturday,4476,1492,32732,Sed Pack,Cake,1492,Valentine's Day,Reiciendis nam omnis vel explicabo amet perferendis.,Kismat Kapadia,Female,Bharatpur
661,C018,22,2,2023-01-14,0 days 23:51:27,2023-01-19,0 days 09:50:46,Guwahati,All Occasions,5,23,9,January,Saturday,3278,1639,33717,Exercitationem Pack,Soft Toys,1639,All Occasions,Iusto cum nostrum quasi dicta totam error.,Eva Vaidya,Male,Nizamabad
662,C068,20,3,2023-02-09,0 days 18:29:52,2023-02-18,0 days 08:27:53,Hazaribagh,Anniversary,9,18,8,February,Thursday,2091,697,25168,Reiciendis Box,Colors,697,Anniversary,Molestias earum quam dolor.,Ritvik Garde,Male,Kalyan-Dombivli
663,C094,15,2,2023-10-11,0 days 14:47:08,2023-10-12,0 days 22:32:05,Hosur,Anniversary,1,14,22,October,Wednesday,2976,1488,31041,Repudiandae Box,Raksha Bandhan,1488,Anniversary,Consequuntur placeat quia voluptate esse consectetur accusamus nemo.,Raghav Babu,Female,Deoghar
664,C023,24,2,2023-01-18,0 days 11:54:34,2023-01-28,0 days 20:22:08,Hajipur,Birthday,10,11,20,January,Wednesday,1070,535,41112,Ad Box,Mugs,535,Birthday,Possimus perspiciatis nesciunt modi molestias.,Abram Sandhu,Male,Bidhannagar
665,C060,62,5,2023-03-05,0 days 14:23:22,2023-03-15,0 days 15:54:03,Akola,Holi,10,14,15,March,Sunday,6780,1356,45635,Sed Set,Colors,1356,Holi,Sequi et dolore et consectetur odit deleniti.,Riya Wagle,Male,Satara
666,C032,26,5,2023-03-02,0 days 09:41:06,2023-03-08,0 days 19:28:15,Jammu,Holi,6,9,19,March,Thursday,1445,289,49494,Aliquam Box,Colors,289,Holi,Sunt repellendus quidem laborum provident voluptas ut nisi.,Mannat Anand,Male,Surat
667,C052,44,3,2023-11-04,0 days 08:26:58,2023-11-07,0 days 10:30:59,Alwar,Diwali,3,8,10,November,Saturday,2382,794,40731,Dolorum Set,Plants,794,Diwali,Nam quod aliquid.,Vardaniya Apte,Male,Dhanbad
668,C009,55,2,2023-08-21,0 days 10:09:53,2023-08-30,0 days 16:32:49,Ajmer,Raksha Bandhan,9,10,16,August,Monday,3808,1904,42882,Dolores Gift,Soft Toys,1904,Raksha Bandhan,Nobis sed corrupti cupiditate fugiat unde.,Ritvik Borah,Female,Madurai
669,C035,68,5,2023-02-10,0 days 07:11:50,2023-02-17,0 days 09:56:42,Ludhiana,Valentine's Day,7,7,9,February,Friday,2985,597,23064,Quas Gift,Soft Toys,597,Valentine's Day,Enim non fugit reprehenderit minima.,Ira Sarna,Male,Vellore
670,C057,23,5,2023-06-01,0 days 05:47:59,2023-06-10,0 days 05:09:00,Bhopal,Anniversary,9,5,5,June,Thursday,5490,1098,28825,Dignissimos Pack,Sweets,1098,Anniversary,Sunt laborum incidunt ad asperiores itaque minus placeat.,Zain Hegde,Female,Delhi
671,C059,31,4,2023-12-03,0 days 06:54:18,2023-12-07,0 days 23:16:19,Karnal,All Occasions,4,6,23,December,Sunday,7216,1804,31128,Nihil Box,Colors,1804,All Occasions,Eveniet sint molestiae.,Nirvi Wagle,Male,Kalyan-Dombivli
672,C049,44,5,2023-11-07,0 days 14:06:15,2023-11-09,0 days 06:46:37,Saharanpur,Diwali,2,14,6,November,Tuesday,3970,794,38936,Dolorum Set,Plants,794,Diwali,Nam quod aliquid.,Aarush Balasubramanian,Female,Imphal
673,C008,33,3,2023-02-04,0 days 05:54:49,2023-02-07,0 days 04:25:38,Gaya,Valentine's Day,3,5,4,February,Saturday,942,314,50151,Earum Set,Colors,314,Valentine's Day,Nisi quis nam ipsa molestias vel totam.,Veer Ray,Female,Chinsurah
674,C065,68,2,2023-02-07,0 days 09:41:25,2023-02-16,0 days 23:40:25,Chennai,Valentine's Day,9,9,23,February,Tuesday,1194,597,33684,Quas Gift,Soft Toys,597,Valentine's Day,Enim non fugit reprehenderit minima.,Badal Vora,Male,North Dumdum
675,C052,13,4,2023-02-28,0 days 08:04:46,2023-03-09,0 days 23:52:12,Pali,Holi,9,8,23,February,Tuesday,4564,1141,40731,Et Set,Mugs,1141,Holi,Eius praesentium ipsum autem.,Vardaniya Apte,Male,Dhanbad
676,C038,46,4,2023-02-18,0 days 12:42:24,2023-02-20,0 days 20:52:32,Kanpur,Anniversary,2,12,20,February,Saturday,3032,758,40160,Pariatur Set,Cake,758,Anniversary,In nesciunt maxime nobis officiis dicta.,Yakshit Shah,Female,Aizawl
677,C045,37,5,2023-11-04,0 days 07:54:01,2023-11-14,0 days 05:32:35,Panihati,Diwali,10,7,5,November,Saturday,7140,1428,61294,Officiis Pack,Colors,1428,Diwali,Error facere quae cupiditate provident.,Divit Mahajan,Female,Maheshtala
678,C020,31,5,2023-09-10,0 days 14:23:59,2023-09-20,0 days 10:13:07,Jalna,All Occasions,10,14,10,September,Sunday,9020,1804,75029,Nihil Box,Colors,1804,All Occasions,Eveniet sint molestiae.,Samaira Ganesh,Male,Machilipatnam
679,C019,56,2,2023-10-05,0 days 17:29:19,2023-10-14,0 days 12:58:06,Durg,Anniversary,9,17,12,October,Thursday,2544,1272,40031,Quia Gift,Raksha Bandhan,1272,Anniversary,Veniam expedita odit esse.,Amira Sengupta,Male,Danapur
680,C018,56,1,2023-12-02,0 days 22:20:31,2023-12-08,0 days 02:33:10,Avadi,Anniversary,6,22,2,December,Saturday,1272,1272,33717,Quia Gift,Raksha Bandhan,1272,Anniversary,Veniam expedita odit esse.,Eva Vaidya,Male,Nizamabad
681,C098,23,5,2023-01-29,0 days 10:08:06,2023-02-05,0 days 12:01:28,Nashik,Anniversary,7,10,12,January,Sunday,5490,1098,40556,Dignissimos Pack,Sweets,1098,Anniversary,Sunt laborum incidunt ad asperiores itaque minus placeat.,Navya Golla,Male,Cuttack
682,C054,50,5,2023-02-26,0 days 07:31:16,2023-03-05,0 days 11:32:33,Hyderabad,Holi,7,7,11,February,Sunday,2110,422,28005,Eligendi Set,Plants,422,Holi,Consectetur illum pariatur totam fugit eum eaque.,Umang Ahuja,Female,Bidhannagar
683,C024,27,3,2023-08-23,0 days 21:26:58,2023-08-30,0 days 19:25:08,Surendranagar Dudhrej,Raksha Bandhan,7,21,19,August,Wednesday,1644,548,59666,Architecto Gift,Cake,548,Raksha Bandhan,Odio quisquam inventore esse sed recusandae autem.,Jhanvi Chowdhury,Female,Kavali
684,C029,70,3,2023-09-17,0 days 01:33:50,2023-09-25,0 days 02:44:39,Tumkur,Birthday,8,1,2,September,Sunday,2598,866,46420,Error Gift,Sweets,866,Birthday,Debitis provident illo aliquam debitis.,Badal Sathe,Female,Haridwar
685,C054,22,1,2023-09-01,0 days 21:04:40,2023-09-11,0 days 08:30:45,Sikar,All Occasions,10,21,8,September,Friday,1639,1639,28005,Exercitationem Pack,Soft Toys,1639,All Occasions,Iusto cum nostrum quasi dicta totam error.,Umang Ahuja,Female,Bidhannagar
686,C026,50,1,2023-03-01,0 days 16:29:38,2023-03-11,0 days 21:37:59,Bardhaman,Holi,10,16,21,March,Wednesday,422,422,31319,Eligendi Set,Plants,422,Holi,Consectetur illum pariatur totam fugit eum eaque.,Ira Chahal,Female,Farrukhabad
687,C098,8,5,2023-03-15,0 days 17:57:15,2023-03-19,0 days 04:50:54,Raichur,Anniversary,4,17,4,March,Wednesday,1260,252,40556,Qui Box,Sweets,252,Anniversary,Praesentium necessitatibus quos esse neque.,Navya Golla,Male,Cuttack
688,C015,54,2,2023-01-28,0 days 19:02:07,2023-01-30,0 days 13:51:22,Lucknow,Anniversary,2,19,13,January,Saturday,2472,1236,22045,Occaecati Gift,Cake,1236,Anniversary,Ducimus possimus saepe totam impedit amet reprehenderit.,Romil Bajwa,Female,Kolkata
689,C046,66,4,2023-03-02,0 days 05:52:42,2023-03-07,0 days 11:00:27,Silchar,Holi,5,5,11,March,Thursday,2440,610,29150,Quas Box,Colors,610,Holi,Architecto debitis repellendus error ducimus quod quo.,Tara Kannan,Male,Guna
690,C083,48,2,2023-11-02,0 days 21:13:25,2023-11-05,0 days 21:32:48,Jaunpur,Diwali,3,21,21,November,Thursday,866,433,42088,Maiores Gift,Colors,433,Diwali,Repellendus quae iusto nostrum commodi adipisci.,Aaryahi Sodhi,Male,Raurkela Industrial Township
691,C002,48,5,2023-11-06,0 days 05:22:43,2023-11-10,0 days 11:08:26,Naihati,Diwali,4,5,11,November,Monday,2165,433,23860,Maiores Gift,Colors,433,Diwali,Repellendus quae iusto nostrum commodi adipisci.,Myra Edwin,Female,Bulandshahr
692,C035,15,2,2023-08-11,0 days 07:04:55,2023-08-18,0 days 06:44:37,Tiruppur,Anniversary,7,7,6,August,Friday,2976,1488,23064,Repudiandae Box,Raksha Bandhan,1488,Anniversary,Consequuntur placeat quia voluptate esse consectetur accusamus nemo.,Ira Sarna,Male,Vellore
693,C041,4,5,2023-11-04,0 days 23:48:55,2023-11-07,0 days 05:31:27,Ghaziabad,Diwali,3,23,5,November,Saturday,5995,1199,41595,Accusantium Set,Sweets,1199,Diwali,Corporis odio consequatur perferendis repellendus laudantium deserunt.,Rati Dhingra,Male,Karaikudi
694,C018,23,2,2023-04-15,0 days 19:26:27,2023-04-21,0 days 16:58:51,Kozhikode,Anniversary,6,19,16,April,Saturday,2196,1098,33717,Dignissimos Pack,Sweets,1098,Anniversary,Sunt laborum incidunt ad asperiores itaque minus placeat.,Eva Vaidya,Male,Nizamabad
695,C046,23,4,2023-03-05,0 days 16:36:52,2023-03-14,0 days 17:01:44,Imphal,Anniversary,9,16,17,March,Sunday,4392,1098,29150,Dignissimos Pack,Sweets,1098,Anniversary,Sunt laborum incidunt ad asperiores itaque minus placeat.,Tara Kannan,Male,Guna
696,C046,13,3,2023-03-07,0 days 02:42:21,2023-03-14,0 days 15:08:45,Rajpur Sonarpur,Holi,7,2,15,March,Tuesday,3423,1141,29150,Et Set,Mugs,1141,Holi,Eius praesentium ipsum autem.,Tara Kannan,Male,Guna
697,C026,66,1,2023-03-03,0 days 14:20:25,2023-03-07,0 days 15:14:20,Ichalkaranji,Holi,4,14,15,March,Friday,610,610,31319,Quas Box,Colors,610,Holi,Architecto debitis repellendus error ducimus quod quo.,Ira Chahal,Female,Farrukhabad
698,C060,64,3,2023-08-29,0 days 20:44:11,2023-09-06,0 days 15:00:13,Ozhukarai,Raksha Bandhan,8,20,15,August,Tuesday,5634,1878,45635,Nostrum Box,Soft Toys,1878,Raksha Bandhan,Illo laboriosam at delectus.,Riya Wagle,Male,Satara
699,C011,1,4,2023-06-02,0 days 12:14:44,2023-06-09,0 days 23:09:03,Chittoor,All Occasions,7,12,23,June,Friday,7740,1935,15042,Magnam Set,Soft Toys,1935,All Occasions,Quam numquam iste sunt nemo.,Lagan Kapoor,Female,Orai
700,C006,6,1,2023-03-04,0 days 18:17:57,2023-03-09,0 days 13:43:07,Gwalior,Holi,5,18,13,March,Saturday,1112,1112,35959,Quos Box,Cake,1112,Holi,Eum deleniti adipisci vero neque.,Rania Mann,Female,Karimnagar
701,C080,41,5,2023-11-07,0 days 10:57:34,2023-11-11,0 days 04:56:26,Tezpur,Diwali,4,10,4,November,Tuesday,9885,1977,22226,Aut Box,Sweets,1977,Diwali,Ab quisquam nobis ducimus.,Mohanlal Garde,Male,Bhopal
702,C067,60,1,2023-11-10,0 days 08:44:24,2023-11-18,0 days 06:26:10,Giridih,Diwali,8,8,6,November,Friday,827,827,38028,Ea Set,Sweets,827,Diwali,Ex omnis sit quibusdam.,Eva Sankaran,Male,Anand
703,C070,53,4,2023-08-23,0 days 16:19:39,2023-09-01,0 days 06:12:05,Khammam,Raksha Bandhan,9,16,6,August,Wednesday,6688,1672,39355,Ipsam Set,Sweets,1672,Raksha Bandhan,Deleniti aspernatur pariatur laudantium nihil at.,Emir Gokhale,Male,Bhatpara
704,C061,55,4,2023-08-29,0 days 02:27:10,2023-08-30,0 days 13:36:34,Jalgaon,Raksha Bandhan,1,2,13,August,Tuesday,7616,1904,50313,Dolores Gift,Soft Toys,1904,Raksha Bandhan,Nobis sed corrupti cupiditate fugiat unde.,Akarsh Ramesh,Female,Kavali
705,C004,7,1,2023-03-05,0 days 18:18:01,2023-03-14,0 days 17:57:09,Pimpri-Chinchwad,Holi,9,18,17,March,Sunday,409,409,35894,Quos Set,Soft Toys,409,Holi,Sint accusamus veritatis exercitationem corporis.,Tarini Bava,Male,Miryalaguda
706,C091,67,2,2023-04-26,0 days 05:35:11,2023-05-04,0 days 13:13:10,Madurai,Anniversary,8,5,13,April,Wednesday,2748,1374,32001,Maiores Box,Raksha Bandhan,1374,Anniversary,Earum quos enim minima.,Adira Rajan,Female,New Delhi
707,C036,70,4,2023-02-03,0 days 06:17:26,2023-02-12,0 days 01:04:19,Tirunelveli,Birthday,9,6,1,February,Friday,3464,866,34644,Error Gift,Sweets,866,Birthday,Debitis provident illo aliquam debitis.,Biju Bajwa,Female,Dibrugarh
708,C002,62,3,2023-03-03,0 days 10:59:15,2023-03-12,0 days 05:05:35,Ozhukarai,Holi,9,10,5,March,Friday,4068,1356,23860,Sed Set,Colors,1356,Holi,Sequi et dolore et consectetur odit deleniti.,Myra Edwin,Female,Bulandshahr
709,C016,53,5,2023-08-29,0 days 04:38:05,2023-09-07,0 days 17:29:15,Kolkata,Raksha Bandhan,9,4,17,August,Tuesday,8360,1672,37655,Ipsam Set,Sweets,1672,Raksha Bandhan,Deleniti aspernatur pariatur laudantium nihil at.,Amani Ganesh,Male,Tenali
710,C087,54,5,2023-05-22,0 days 01:33:03,2023-05-29,0 days 01:43:52,Jalna,Anniversary,7,1,1,May,Monday,6180,1236,47979,Occaecati Gift,Cake,1236,Anniversary,Ducimus possimus saepe totam impedit amet reprehenderit.,Rania Bhatt,Female,North Dumdum
711,C093,68,3,2023-02-04,0 days 17:15:28,2023-02-06,0 days 14:50:53,Tiruppur,Valentine's Day,2,17,14,February,Saturday,1791,597,34849,Quas Gift,Soft Toys,597,Valentine's Day,Enim non fugit reprehenderit minima.,Mamooty Bawa,Male,Tumkur
712,C057,65,5,2023-07-11,0 days 13:00:12,2023-07-13,0 days 06:34:57,Hazaribagh,All Occasions,2,13,6,July,Tuesday,9475,1895,28825,Error Gift,Raksha Bandhan,1895,All Occasions,Ratione alias nam dignissimos ullam.,Zain Hegde,Female,Delhi
713,C081,37,3,2023-11-08,0 days 23:24:22,2023-11-15,0 days 22:51:21,Tiruppur,Diwali,7,23,22,November,Wednesday,4284,1428,22223,Officiis Pack,Colors,1428,Diwali,Error facere quae cupiditate provident.,Kaira Ramachandran,Male,Ratlam
714,C053,63,2,2023-06-01,0 days 19:28:09,2023-06-03,0 days 07:54:01,Dhule,All Occasions,2,19,7,June,Thursday,2696,1348,32732,Adipisci Set,Sweets,1348,All Occasions,Recusandae voluptate eaque blanditiis harum in facere consequuntur.,Kismat Kapadia,Female,Bharatpur
715,C069,38,4,2023-04-14,0 days 05:16:43,2023-04-21,0 days 16:39:31,Tenali,Birthday,7,5,16,April,Friday,2248,562,38017,Mollitia Set,Cake,562,Birthday,Eaque deserunt possimus alias sint odit facere.,Hunar Tripathi,Female,Madhyamgram
716,C076,40,3,2023-08-19,0 days 23:18:12,2023-08-26,0 days 01:39:58,Berhampore,Anniversary,7,23,1,August,Saturday,5769,1923,25892,Provident Pack,Sweets,1923,Anniversary,Voluptate eaque accusamus nobis voluptatem accusamus.,Oorja Dayal,Female,Gaya
717,C059,67,5,2023-06-25,0 days 06:18:32,2023-06-26,0 days 23:20:48,Yamunanagar,Anniversary,1,6,23,June,Sunday,6870,1374,31128,Maiores Box,Raksha Bandhan,1374,Anniversary,Earum quos enim minima.,Nirvi Wagle,Male,Kalyan-Dombivli
718,C028,49,1,2023-02-09,0 days 05:13:35,2023-02-13,0 days 06:22:05,Jabalpur,Valentine's Day,4,5,6,February,Thursday,903,903,37013,Voluptate Pack,Colors,903,Valentine's Day,Saepe ratione ab inventore dignissimos.,Hridaan Rajagopalan,Female,Noida
719,C092,57,3,2023-07-12,0 days 07:44:51,2023-07-19,0 days 01:51:24,Phagwara,Birthday,7,7,1,July,Wednesday,4746,1582,42178,Voluptatem Box,Colors,1582,Birthday,Similique dolor saepe molestiae.,Zoya Mani,Male,Dibrugarh
720,C045,22,5,2023-12-15,0 days 14:42:41,2023-12-20,0 days 06:07:08,Vellore,All Occasions,5,14,6,December,Friday,8195,1639,61294,Exercitationem Pack,Soft Toys,1639,All Occasions,Iusto cum nostrum quasi dicta totam error.,Divit Mahajan,Female,Maheshtala
721,C022,3,5,2023-02-07,0 days 03:28:21,2023-02-17,0 days 18:28:02,Vasai-Virar,Valentine's Day,10,3,18,February,Tuesday,7670,1534,40262,Eius Gift,Colors,1534,Valentine's Day,Deserunt pariatur mollitia voluptatem.,Ivana Rout,Male,Khandwa
722,C044,13,5,2023-03-02,0 days 17:30:25,2023-03-08,0 days 08:06:58,Mathura,Holi,6,17,8,March,Thursday,5705,1141,70409,Et Set,Mugs,1141,Holi,Eius praesentium ipsum autem.,Seher Mann,Male,Agra
723,C045,14,3,2023-02-04,0 days 18:00:57,2023-02-05,0 days 00:57:28,Mau,Birthday,1,18,0,February,Saturday,5745,1915,61294,Deserunt Box,Colors,1915,Birthday,Incidunt hic vero esse saepe illum.,Divit Mahajan,Female,Maheshtala
724,C059,51,1,2023-04-08,0 days 23:02:18,2023-04-16,0 days 08:00:19,Pallavaram,All Occasions,8,23,8,April,Saturday,1084,1084,31128,Fugit Set,Soft Toys,1084,All Occasions,Maiores hic veritatis corporis modi.,Nirvi Wagle,Male,Kalyan-Dombivli
725,C035,35,3,2023-03-06,0 days 23:23:18,2023-03-11,0 days 20:03:47,Kishanganj,Holi,5,23,20,March,Monday,5595,1865,23064,Nam Gift,Colors,1865,Holi,Ab possimus tempore maiores nesciunt enim placeat excepturi.,Ira Sarna,Male,Vellore
726,C044,34,2,2023-08-21,0 days 19:10:31,2023-08-31,0 days 18:54:28,Hindupur,Raksha Bandhan,10,19,18,August,Monday,2670,1335,70409,Placeat Pack,Soft Toys,1335,Raksha Bandhan,Illo in quas at rem.,Seher Mann,Male,Agra
727,C061,12,5,2023-11-18,0 days 01:37:03,2023-11-22,0 days 16:22:32,Anand,Anniversary,4,1,16,November,Saturday,3360,672,50313,Non Set,Plants,672,Anniversary,Fugiat id similique minima corrupti ut sint sapiente.,Akarsh Ramesh,Female,Kavali
728,C073,52,2,2023-02-08,0 days 13:45:46,2023-02-11,0 days 16:07:16,Panchkula,Valentine's Day,3,13,16,February,Wednesday,472,236,12863,Dolorum Box,Raksha Bandhan,236,Valentine's Day,Amet accusamus natus magni non recusandae.,Zeeshan Tailor,Male,Parbhani
729,C030,17,1,2023-02-23,0 days 18:19:53,2023-02-25,0 days 11:51:19,Kollam,Anniversary,2,18,11,February,Thursday,1899,1899,48097,Delectus Gift,Soft Toys,1899,Anniversary,Architecto beatae ullam ad sed dolorem voluptates est.,Vardaniya Contractor,Male,Sambhal
730,C097,59,1,2023-08-22,0 days 02:04:03,2023-08-25,0 days 22:39:30,Sangli-Miraj & Kupwad,Raksha Bandhan,3,2,22,August,Tuesday,811,811,24253,Pariatur Box,Cake,811,Raksha Bandhan,Exercitationem occaecati quam aperiam.,Nakul Randhawa,Female,Sri Ganganagar
731,C083,59,5,2023-08-25,0 days 12:01:20,2023-09-02,0 days 11:02:31,Bulandshahr,Raksha Bandhan,8,12,11,August,Friday,4055,811,42088,Pariatur Box,Cake,811,Raksha Bandhan,Exercitationem occaecati quam aperiam.,Aaryahi Sodhi,Male,Raurkela Industrial Township
732,C087,1,2,2023-10-16,0 days 16:47:12,2023-10-21,0 days 18:56:15,Bongaigaon,All Occasions,5,16,18,October,Monday,3870,1935,47979,Magnam Set,Soft Toys,1935,All Occasions,Quam numquam iste sunt nemo.,Rania Bhatt,Female,North Dumdum
733,C060,32,3,2023-04-01,0 days 00:51:37,2023-04-03,0 days 02:26:43,Ludhiana,Birthday,2,0,2,April,Saturday,5376,1792,45635,Fuga Set,Soft Toys,1792,Birthday,Modi veniam vero dolores.,Riya Wagle,Male,Satara
734,C008,49,3,2023-02-11,0 days 11:44:37,2023-02-14,0 days 09:06:06,Morena,Valentine's Day,3,11,9,February,Saturday,2709,903,50151,Voluptate Pack,Colors,903,Valentine's Day,Saepe ratione ab inventore dignissimos.,Veer Ray,Female,Chinsurah
735,C037,56,1,2023-02-02,0 days 07:22:26,2023-02-04,0 days 05:57:58,Nandyal,Anniversary,2,7,5,February,Thursday,1272,1272,35693,Quia Gift,Raksha Bandhan,1272,Anniversary,Veniam expedita odit esse.,Aradhya Kumar,Male,Davanagere
736,C008,70,5,2023-05-02,0 days 03:47:04,2023-05-11,0 days 04:38:44,Ghaziabad,Birthday,9,3,4,May,Tuesday,4330,866,50151,Error Gift,Sweets,866,Birthday,Debitis provident illo aliquam debitis.,Veer Ray,Female,Chinsurah
737,C068,46,5,2023-09-14,0 days 07:35:50,2023-09-17,0 days 13:37:05,Bhilwara,Anniversary,3,7,13,September,Thursday,3790,758,25168,Pariatur Set,Cake,758,Anniversary,In nesciunt maxime nobis officiis dicta.,Ritvik Garde,Male,Kalyan-Dombivli
738,C098,16,5,2023-03-03,0 days 16:23:38,2023-03-09,0 days 01:36:32,Maheshtala,Holi,6,16,1,March,Friday,8605,1721,40556,Ut Pack,Sweets,1721,Holi,Quae occaecati laborum expedita perspiciatis consequatur ad.,Navya Golla,Male,Cuttack
739,C094,24,5,2023-01-30,0 days 09:43:50,2023-02-03,0 days 10:33:33,Berhampur,Birthday,4,9,10,January,Monday,2675,535,31041,Ad Box,Mugs,535,Birthday,Possimus perspiciatis nesciunt modi molestias.,Raghav Babu,Female,Deoghar
740,C004,56,4,2023-11-07,0 days 16:11:58,2023-11-12,0 days 10:07:51,Silchar,Anniversary,5,16,10,November,Tuesday,5088,1272,35894,Quia Gift,Raksha Bandhan,1272,Anniversary,Veniam expedita odit esse.,Tarini Bava,Male,Miryalaguda
741,C072,53,5,2023-08-23,0 days 12:47:09,2023-09-01,0 days 21:37:19,Siwan,Raksha Bandhan,9,12,21,August,Wednesday,8360,1672,33067,Ipsam Set,Sweets,1672,Raksha Bandhan,Deleniti aspernatur pariatur laudantium nihil at.,Charvi Karnik,Male,Hyderabad
742,C089,53,5,2023-08-24,0 days 19:50:07,2023-08-26,0 days 15:58:06,Panchkula,Raksha Bandhan,2,19,15,August,Thursday,8360,1672,43844,Ipsam Set,Sweets,1672,Raksha Bandhan,Deleniti aspernatur pariatur laudantium nihil at.,Oorja Dey,Female,Nellore
743,C045,4,2,2023-11-09,0 days 13:28:07,2023-11-13,0 days 01:16:24,Tiruppur,Diwali,4,13,1,November,Thursday,2398,1199,61294,Accusantium Set,Sweets,1199,Diwali,Corporis odio consequatur perferendis repellendus laudantium deserunt.,Divit Mahajan,Female,Maheshtala
744,C023,45,4,2023-10-13,0 days 17:53:21,2023-10-14,0 days 08:02:05,Junagadh,Birthday,1,17,8,October,Friday,2888,722,41112,Iusto Set,Raksha Bandhan,722,Birthday,Adipisci quo laboriosam.,Abram Sandhu,Male,Bidhannagar
745,C052,44,1,2023-11-07,0 days 09:12:26,2023-11-09,0 days 00:30:04,Kolkata,Diwali,2,9,0,November,Tuesday,794,794,40731,Dolorum Set,Plants,794,Diwali,Nam quod aliquid.,Vardaniya Apte,Male,Dhanbad
746,C051,35,2,2023-03-02,0 days 05:23:29,2023-03-06,0 days 06:24:41,Parbhani,Holi,4,5,6,March,Thursday,3730,1865,50856,Nam Gift,Colors,1865,Holi,Ab possimus tempore maiores nesciunt enim placeat excepturi.,Aradhya Batta,Female,Kota
747,C009,6,4,2023-03-06,0 days 03:43:24,2023-03-11,0 days 16:38:35,Dhanbad,Holi,5,3,16,March,Monday,4448,1112,42882,Quos Box,Cake,1112,Holi,Eum deleniti adipisci vero neque.,Ritvik Borah,Female,Madurai
748,C079,26,1,2023-03-06,0 days 11:13:52,2023-03-07,0 days 20:26:40,Tenali,Holi,1,11,20,March,Monday,289,289,21593,Aliquam Box,Colors,289,Holi,Sunt repellendus quidem laborum provident voluptas ut nisi.,Vedika Sankaran,Female,Bhilai
749,C099,12,2,2023-06-19,0 days 13:13:17,2023-06-24,0 days 03:37:13,Nanded,Anniversary,5,13,3,June,Monday,1344,672,53082,Non Set,Plants,672,Anniversary,Fugiat id similique minima corrupti ut sint sapiente.,Ranbir Loyal,Female,Dhanbad
750,C022,19,3,2023-02-08,0 days 09:22:41,2023-02-14,0 days 22:24:42,Chapra,Valentine's Day,6,9,22,February,Wednesday,3702,1234,40262,Iure Gift,Mugs,1234,Valentine's Day,Autem quaerat tempore quasi ipsam.,Ivana Rout,Male,Khandwa
751,C084,23,5,2023-04-10,0 days 07:12:34,2023-04-15,0 days 01:52:34,Gandhidham,Anniversary,5,7,1,April,Monday,5490,1098,49100,Dignissimos Pack,Sweets,1098,Anniversary,Sunt laborum incidunt ad asperiores itaque minus placeat.,Anahita Shankar,Male,Tiruchirappalli
752,C034,3,5,2023-02-10,0 days 11:38:01,2023-02-12,0 days 10:35:58,Bally,Valentine's Day,2,11,10,February,Friday,7670,1534,33618,Eius Gift,Colors,1534,Valentine's Day,Deserunt pariatur mollitia voluptatem.,Hridaan Sood,Male,Bhatpara
753,C045,60,1,2023-11-06,0 days 06:55:38,2023-11-12,0 days 04:49:01,Tinsukia,Diwali,6,6,4,November,Monday,827,827,61294,Ea Set,Sweets,827,Diwali,Ex omnis sit quibusdam.,Divit Mahajan,Female,Maheshtala
754,C083,51,2,2023-11-01,0 days 20:40:33,2023-11-08,0 days 22:13:13,Pimpri-Chinchwad,All Occasions,7,20,22,November,Wednesday,2168,1084,42088,Fugit Set,Soft Toys,1084,All Occasions,Maiores hic veritatis corporis modi.,Aaryahi Sodhi,Male,Raurkela Industrial Township
755,C037,6,5,2023-02-27,0 days 16:33:26,2023-03-06,0 days 02:16:52,Aurangabad,Holi,7,16,2,February,Monday,5560,1112,35693,Quos Box,Cake,1112,Holi,Eum deleniti adipisci vero neque.,Aradhya Kumar,Male,Davanagere
756,C034,51,4,2023-07-29,0 days 18:25:27,2023-08-03,0 days 09:56:02,Buxar,All Occasions,5,18,9,July,Saturday,4336,1084,33618,Fugit Set,Soft Toys,1084,All Occasions,Maiores hic veritatis corporis modi.,Hridaan Sood,Male,Bhatpara
757,C001,2,3,2023-02-12,0 days 10:23:53,2023-02-20,0 days 04:40:28,Shivpuri,Valentine's Day,8,10,4,February,Sunday,1323,441,9095,Voluptas Box,Plants,441,Valentine's Day,At quaerat animi nemo.,Tara Krishnan,Female,Panchkula
758,C043,40,5,2023-10-16,0 days 09:12:26,2023-10-20,0 days 03:46:58,Ajmer,Anniversary,4,9,3,October,Monday,9615,1923,28053,Provident Pack,Sweets,1923,Anniversary,Voluptate eaque accusamus nobis voluptatem accusamus.,Yasmin Sheth,Female,Vellore
759,C084,48,5,2023-11-02,0 days 06:12:14,2023-11-11,0 days 06:06:56,Bathinda,Diwali,9,6,6,November,Thursday,2165,433,49100,Maiores Gift,Colors,433,Diwali,Repellendus quae iusto nostrum commodi adipisci.,Anahita Shankar,Male,Tiruchirappalli
760,C043,18,1,2023-09-19,0 days 02:28:05,2023-09-21,0 days 13:29:38,Ghaziabad,Birthday,2,2,13,September,Tuesday,781,781,28053,Nemo Set,Plants,781,Birthday,Perspiciatis nemo dolorem perspiciatis aspernatur.,Yasmin Sheth,Female,Vellore
761,C008,24,5,2023-04-18,0 days 03:25:13,2023-04-25,0 days 11:53:46,Ambala,Birthday,7,3,11,April,Tuesday,2675,535,50151,Ad Box,Mugs,535,Birthday,Possimus perspiciatis nesciunt modi molestias.,Veer Ray,Female,Chinsurah
762,C064,50,1,2023-02-26,0 days 10:11:19,2023-03-01,0 days 03:56:20,Bangalore,Holi,3,10,3,February,Sunday,422,422,36991,Eligendi Set,Plants,422,Holi,Consectetur illum pariatur totam fugit eum eaque.,Indrajit Kale,Male,Srikakulam
763,C070,29,4,2023-03-02,0 days 15:22:09,2023-03-04,0 days 04:30:07,Nellore,Holi,2,15,4,March,Thursday,5008,1252,39355,In Set,Colors,1252,Holi,Occaecati impedit incidunt qui.,Emir Gokhale,Male,Bhatpara
764,C039,65,3,2023-08-01,0 days 19:59:36,2023-08-05,0 days 09:24:36,Berhampur,All Occasions,4,19,9,August,Tuesday,5685,1895,30237,Error Gift,Raksha Bandhan,1895,All Occasions,Ratione alias nam dignissimos ullam.,Kaira Bahl,Male,Kamarhati
765,C055,41,2,2023-11-03,0 days 02:37:40,2023-11-06,0 days 03:52:27,Ambala,Diwali,3,2,3,November,Friday,3954,1977,46022,Aut Box,Sweets,1977,Diwali,Ab quisquam nobis ducimus.,Umang Luthra,Male,Imphal
766,C077,1,4,2023-07-02,0 days 16:28:53,2023-07-07,0 days 00:19:44,Hospet,All Occasions,5,16,0,July,Sunday,7740,1935,48915,Magnam Set,Soft Toys,1935,All Occasions,Quam numquam iste sunt nemo.,Gokul Ahluwalia,Female,Panchkula
767,C077,13,2,2023-03-03,0 days 02:21:13,2023-03-04,0 days 00:14:53,Rohtak,Holi,1,2,0,March,Friday,2282,1141,48915,Et Set,Mugs,1141,Holi,Eius praesentium ipsum autem.,Gokul Ahluwalia,Female,Panchkula
768,C087,1,1,2023-11-11,0 days 18:37:41,2023-11-16,0 days 12:19:42,Howrah,All Occasions,5,18,12,November,Saturday,1935,1935,47979,Magnam Set,Soft Toys,1935,All Occasions,Quam numquam iste sunt nemo.,Rania Bhatt,Female,North Dumdum
769,C029,28,2,2023-08-25,0 days 09:37:39,2023-09-02,0 days 20:10:20,Ongole,Raksha Bandhan,8,9,20,August,Friday,3556,1778,46420,Velit Set,Sweets,1778,Raksha Bandhan,Quidem sit facilis consequuntur iusto dignissimos exercitationem.,Badal Sathe,Female,Haridwar
770,C080,25,3,2023-05-29,0 days 00:20:57,2023-06-07,0 days 09:39:12,Pallavaram,Anniversary,9,0,9,May,Monday,3606,1202,22226,Qui Gift,Plants,1202,Anniversary,Maxime culpa earum blanditiis.,Mohanlal Garde,Male,Bhopal
771,C056,9,2,2023-08-26,0 days 17:00:07,2023-09-01,0 days 10:54:16,Vijayanagaram,Raksha Bandhan,6,17,10,August,Saturday,3210,1605,34313,Aperiam Box,Colors,1605,Raksha Bandhan,Explicabo totam quaerat a quaerat ducimus officia.,Pihu Choudhury,Male,Haridwar
772,C085,35,5,2023-03-01,0 days 05:03:06,2023-03-04,0 days 08:20:05,Machilipatnam,Holi,3,5,8,March,Wednesday,9325,1865,23373,Nam Gift,Colors,1865,Holi,Ab possimus tempore maiores nesciunt enim placeat excepturi.,Bhamini Johal,Male,Raipur
773,C031,39,4,2023-01-07,0 days 02:11:24,2023-01-13,0 days 23:47:54,Karaikudi,All Occasions,6,2,23,January,Saturday,1548,387,30814,Voluptate Set,Mugs,387,All Occasions,Voluptates nostrum ratione sint odit dolore consectetur.,Madhup Wable,Female,Sasaram
774,C051,65,5,2023-06-17,0 days 21:28:21,2023-06-27,0 days 03:01:20,Begusarai,All Occasions,10,21,3,June,Saturday,9475,1895,50856,Error Gift,Raksha Bandhan,1895,All Occasions,Ratione alias nam dignissimos ullam.,Aradhya Batta,Female,Kota
775,C077,45,1,2023-02-19,0 days 03:48:10,2023-02-24,0 days 23:31:47,Anand,Birthday,5,3,23,February,Sunday,722,722,48915,Iusto Set,Raksha Bandhan,722,Birthday,Adipisci quo laboriosam.,Gokul Ahluwalia,Female,Panchkula
776,C051,43,1,2023-11-09,0 days 07:28:54,2023-11-12,0 days 21:39:04,Alwar,Diwali,3,7,21,November,Thursday,750,750,50856,Quisquam Pack,Raksha Bandhan,750,Diwali,Odio incidunt tempore nesciunt.,Aradhya Batta,Female,Kota
777,C016,70,3,2023-02-24,0 days 15:33:57,2023-02-27,0 days 11:29:39,Bhusawal,Birthday,3,15,11,February,Friday,2598,866,37655,Error Gift,Sweets,866,Birthday,Debitis provident illo aliquam debitis.,Amani Ganesh,Male,Tenali
778,C033,61,4,2023-05-10,0 days 03:58:40,2023-05-13,0 days 11:57:17,Raebareli,Anniversary,3,3,11,May,Wednesday,3240,810,32998,Iusto Box,Plants,810,Anniversary,Sequi numquam rerum aspernatur aspernatur in.,Suhana Kurian,Female,Indore
779,C052,3,1,2023-02-06,0 days 06:26:37,2023-02-08,0 days 02:51:51,Durgapur,Valentine's Day,2,6,2,February,Monday,1534,1534,40731,Eius Gift,Colors,1534,Valentine's Day,Deserunt pariatur mollitia voluptatem.,Vardaniya Apte,Male,Dhanbad
780,C070,33,2,2023-02-10,0 days 11:30:51,2023-02-13,0 days 04:28:25,Bikaner,Valentine's Day,3,11,4,February,Friday,628,314,39355,Earum Set,Colors,314,Valentine's Day,Nisi quis nam ipsa molestias vel totam.,Emir Gokhale,Male,Bhatpara
781,C084,40,2,2023-09-27,0 days 15:26:58,2023-10-05,0 days 19:39:28,Muzaffarnagar,Anniversary,8,15,19,September,Wednesday,3846,1923,49100,Provident Pack,Sweets,1923,Anniversary,Voluptate eaque accusamus nobis voluptatem accusamus.,Anahita Shankar,Male,Tiruchirappalli
782,C087,22,4,2023-04-18,0 days 05:41:20,2023-04-26,0 days 19:25:29,Shimoga,All Occasions,8,5,19,April,Tuesday,6556,1639,47979,Exercitationem Pack,Soft Toys,1639,All Occasions,Iusto cum nostrum quasi dicta totam error.,Rania Bhatt,Female,North Dumdum
783,C024,55,5,2023-08-28,0 days 04:31:27,2023-08-29,0 days 05:10:51,Visakhapatnam,Raksha Bandhan,1,4,5,August,Monday,9520,1904,59666,Dolores Gift,Soft Toys,1904,Raksha Bandhan,Nobis sed corrupti cupiditate fugiat unde.,Jhanvi Chowdhury,Female,Kavali
784,C042,56,2,2023-06-02,0 days 08:25:52,2023-06-07,0 days 06:16:19,Bhalswa Jahangir Pur,Anniversary,5,8,6,June,Friday,2544,1272,28243,Quia Gift,Raksha Bandhan,1272,Anniversary,Veniam expedita odit esse.,Eshani Sharma,Male,Ajmer
785,C052,47,5,2023-02-26,0 days 17:41:34,2023-03-01,0 days 13:09:23,Jodhpur,Holi,3,17,13,February,Sunday,8190,1638,40731,Harum Pack,Colors,1638,Holi,Maiores voluptates quam aspernatur magni distinctio provident.,Vardaniya Apte,Male,Dhanbad
786,C003,47,1,2023-03-05,0 days 22:47:05,2023-03-07,0 days 07:16:53,Kirari Suleman Nagar,Holi,2,22,7,March,Sunday,1638,1638,34871,Harum Pack,Colors,1638,Holi,Maiores voluptates quam aspernatur magni distinctio provident.,Jayesh Lanka,Male,Bilaspur
787,C069,9,1,2023-08-25,0 days 21:42:12,2023-08-27,0 days 14:10:59,Ambarnath,Raksha Bandhan,2,21,14,August,Friday,1605,1605,38017,Aperiam Box,Colors,1605,Raksha Bandhan,Explicabo totam quaerat a quaerat ducimus officia.,Hunar Tripathi,Female,Madhyamgram
788,C099,53,3,2023-08-24,0 days 04:58:58,2023-08-27,0 days 08:56:52,Durgapur,Raksha Bandhan,3,4,8,August,Thursday,5016,1672,53082,Ipsam Set,Sweets,1672,Raksha Bandhan,Deleniti aspernatur pariatur laudantium nihil at.,Ranbir Loyal,Female,Dhanbad
789,C048,58,4,2023-02-08,0 days 18:19:36,2023-02-15,0 days 08:00:31,Bally,Valentine's Day,7,18,8,February,Wednesday,5968,1492,24465,Sed Pack,Cake,1492,Valentine's Day,Reiciendis nam omnis vel explicabo amet perferendis.,Aradhya Kale,Male,Guntakal
790,C046,26,2,2023-02-28,0 days 06:03:29,2023-03-08,0 days 04:20:38,Chennai,Holi,8,6,4,February,Tuesday,578,289,29150,Aliquam Box,Colors,289,Holi,Sunt repellendus quidem laborum provident voluptas ut nisi.,Tara Kannan,Male,Guna
791,C093,51,2,2023-05-06,0 days 02:29:51,2023-05-09,0 days 06:53:48,Bhubaneswar,All Occasions,3,2,6,May,Saturday,2168,1084,34849,Fugit Set,Soft Toys,1084,All Occasions,Maiores hic veritatis corporis modi.,Mamooty Bawa,Male,Tumkur
792,C015,43,2,2023-11-09,0 days 07:00:56,2023-11-10,0 days 05:14:12,Munger,Diwali,1,7,5,November,Thursday,1500,750,22045,Quisquam Pack,Raksha Bandhan,750,Diwali,Odio incidunt tempore nesciunt.,Romil Bajwa,Female,Kolkata
793,C095,58,5,2023-02-05,0 days 17:37:16,2023-02-15,0 days 01:28:17,Mirzapur,Valentine's Day,10,17,1,February,Sunday,7460,1492,45692,Sed Pack,Cake,1492,Valentine's Day,Reiciendis nam omnis vel explicabo amet perferendis.,Mahika Cherian,Female,Warangal
794,C079,13,4,2023-03-04,0 days 17:11:58,2023-03-09,0 days 14:51:06,Shimoga,Holi,5,17,14,March,Saturday,4564,1141,21593,Et Set,Mugs,1141,Holi,Eius praesentium ipsum autem.,Vedika Sankaran,Female,Bhilai
795,C070,7,1,2023-03-03,0 days 17:58:36,2023-03-07,0 days 22:17:46,Ujjain,Holi,4,17,22,March,Friday,409,409,39355,Quos Set,Soft Toys,409,Holi,Sint accusamus veritatis exercitationem corporis.,Emir Gokhale,Male,Bhatpara
796,C002,61,4,2023-05-05,0 days 07:53:26,2023-05-14,0 days 08:08:25,Rajkot,Anniversary,9,7,8,May,Friday,3240,810,23860,Iusto Box,Plants,810,Anniversary,Sequi numquam rerum aspernatur aspernatur in.,Myra Edwin,Female,Bulandshahr
797,C047,13,2,2023-03-03,0 days 20:57:50,2023-03-10,0 days 04:29:03,Tiruvottiyur,Holi,7,20,4,March,Friday,2282,1141,28829,Et Set,Mugs,1141,Holi,Eius praesentium ipsum autem.,Bhamini Ravi,Male,Jorhat
798,C043,30,5,2023-12-17,0 days 17:35:18,2023-12-26,0 days 01:52:09,Sultan Pur Majra,Anniversary,9,17,1,December,Sunday,3755,751,28053,Recusandae Pack,Colors,751,Anniversary,Maxime exercitationem repellat veritatis a dolorem.,Yasmin Sheth,Female,Vellore
799,C084,32,5,2023-10-22,0 days 01:50:09,2023-11-01,0 days 20:22:26,Patna,Birthday,10,1,20,October,Sunday,8960,1792,49100,Fuga Set,Soft Toys,1792,Birthday,Modi veniam vero dolores.,Anahita Shankar,Male,Tiruchirappalli
800,C014,24,5,2023-06-17,0 days 21:50:22,2023-06-21,0 days 07:12:59,Machilipatnam,Birthday,4,21,7,June,Saturday,2675,535,37235,Ad Box,Mugs,535,Birthday,Possimus perspiciatis nesciunt modi molestias.,Indrans Shukla,Female,Panvel
801,C058,35,1,2023-03-07,0 days 19:15:48,2023-03-15,0 days 06:35:12,Dindigul,Holi,8,19,6,March,Tuesday,1865,1865,35678,Nam Gift,Colors,1865,Holi,Ab possimus tempore maiores nesciunt enim placeat excepturi.,Charvi Kanda,Male,Guntakal
802,C097,45,3,2023-03-23,0 days 12:37:23,2023-03-26,0 days 06:19:00,Dibrugarh,Birthday,3,12,6,March,Thursday,2166,722,24253,Iusto Set,Raksha Bandhan,722,Birthday,Adipisci quo laboriosam.,Nakul Randhawa,Female,Sri Ganganagar
803,C040,26,1,2023-03-03,0 days 12:03:48,2023-03-10,0 days 02:50:05,Sambalpur,Holi,7,12,2,March,Friday,289,289,41660,Aliquam Box,Colors,289,Holi,Sunt repellendus quidem laborum provident voluptas ut nisi.,Hazel Mangat,Female,Pallavaram
804,C009,3,3,2023-02-05,0 days 05:37:18,2023-02-07,0 days 01:58:08,Deoghar,Valentine's Day,2,5,1,February,Sunday,4602,1534,42882,Eius Gift,Colors,1534,Valentine's Day,Deserunt pariatur mollitia voluptatem.,Ritvik Borah,Female,Madurai
805,C028,24,3,2023-06-11,0 days 14:39:08,2023-06-14,0 days 18:07:19,Bareilly,Birthday,3,14,18,June,Sunday,1605,535,37013,Ad Box,Mugs,535,Birthday,Possimus perspiciatis nesciunt modi molestias.,Hridaan Rajagopalan,Female,Noida
806,C088,29,2,2023-02-28,0 days 13:01:22,2023-03-08,0 days 06:38:58,Jhansi,Holi,8,13,6,February,Tuesday,2504,1252,39375,In Set,Colors,1252,Holi,Occaecati impedit incidunt qui.,Shalv Kulkarni,Female,Khora 
807,C006,40,4,2023-11-29,0 days 16:20:19,2023-12-09,0 days 03:09:57,Bhopal,Anniversary,10,16,3,November,Wednesday,7692,1923,35959,Provident Pack,Sweets,1923,Anniversary,Voluptate eaque accusamus nobis voluptatem accusamus.,Rania Mann,Female,Karimnagar
808,C002,9,2,2023-08-29,0 days 15:36:39,2023-08-30,0 days 10:11:21,Raurkela Industrial Township,Raksha Bandhan,1,15,10,August,Tuesday,3210,1605,23860,Aperiam Box,Colors,1605,Raksha Bandhan,Explicabo totam quaerat a quaerat ducimus officia.,Myra Edwin,Female,Bulandshahr
809,C062,35,1,2023-03-07,0 days 19:50:47,2023-03-17,0 days 01:51:34,Ludhiana,Holi,10,19,1,March,Tuesday,1865,1865,29721,Nam Gift,Colors,1865,Holi,Ab possimus tempore maiores nesciunt enim placeat excepturi.,Inaaya  Sarraf,Male,Nagpur
810,C059,24,3,2023-12-15,0 days 05:57:14,2023-12-17,0 days 12:05:52,New Delhi,Birthday,2,5,12,December,Friday,1605,535,31128,Ad Box,Mugs,535,Birthday,Possimus perspiciatis nesciunt modi molestias.,Nirvi Wagle,Male,Kalyan-Dombivli
811,C020,14,5,2023-10-18,0 days 12:04:11,2023-10-25,0 days 21:55:52,Bellary,Birthday,7,12,21,October,Wednesday,9575,1915,75029,Deserunt Box,Colors,1915,Birthday,Incidunt hic vero esse saepe illum.,Samaira Ganesh,Male,Machilipatnam
812,C058,40,2,2023-12-12,0 days 17:19:49,2023-12-14,0 days 01:28:32,Ongole,Anniversary,2,17,1,December,Tuesday,3846,1923,35678,Provident Pack,Sweets,1923,Anniversary,Voluptate eaque accusamus nobis voluptatem accusamus.,Charvi Kanda,Male,Guntakal
813,C094,32,4,2023-01-19,0 days 08:53:43,2023-01-23,0 days 22:01:01,Bhind,Birthday,4,8,22,January,Thursday,7168,1792,31041,Fuga Set,Soft Toys,1792,Birthday,Modi veniam vero dolores.,Raghav Babu,Female,Deoghar
814,C094,47,5,2023-03-05,0 days 01:59:20,2023-03-14,0 days 04:41:16,Kumbakonam,Holi,9,1,4,March,Sunday,8190,1638,31041,Harum Pack,Colors,1638,Holi,Maiores voluptates quam aspernatur magni distinctio provident.,Raghav Babu,Female,Deoghar
815,C098,61,3,2023-09-29,0 days 07:08:13,2023-10-08,0 days 14:46:18,Bhatpara,Anniversary,9,7,14,September,Friday,2430,810,40556,Iusto Box,Plants,810,Anniversary,Sequi numquam rerum aspernatur aspernatur in.,Navya Golla,Male,Cuttack
816,C042,35,3,2023-02-28,0 days 19:44:25,2023-03-10,0 days 13:41:37,Ujjain,Holi,10,19,13,February,Tuesday,5595,1865,28243,Nam Gift,Colors,1865,Holi,Ab possimus tempore maiores nesciunt enim placeat excepturi.,Eshani Sharma,Male,Ajmer
817,C066,21,2,2023-08-28,0 days 05:37:00,2023-09-01,0 days 22:05:03,Jalandhar,Raksha Bandhan,4,5,22,August,Monday,3122,1561,23870,Quia Gift,Colors,1561,Raksha Bandhan,Autem necessitatibus perferendis consequatur suscipit iste harum sint.,Eshani Buch,Female,Malegaon
818,C004,8,4,2023-03-02,0 days 07:51:06,2023-03-09,0 days 09:07:41,Thrissur,Anniversary,7,7,9,March,Thursday,1008,252,35894,Qui Box,Sweets,252,Anniversary,Praesentium necessitatibus quos esse neque.,Tarini Bava,Male,Miryalaguda
819,C052,55,5,2023-08-22,0 days 13:05:23,2023-08-24,0 days 01:32:28,Kottayam,Raksha Bandhan,2,13,1,August,Tuesday,9520,1904,40731,Dolores Gift,Soft Toys,1904,Raksha Bandhan,Nobis sed corrupti cupiditate fugiat unde.,Vardaniya Apte,Male,Dhanbad
820,C033,64,3,2023-08-22,0 days 05:51:43,2023-08-26,0 days 04:52:23,Hapur,Raksha Bandhan,4,5,4,August,Tuesday,5634,1878,32998,Nostrum Box,Soft Toys,1878,Raksha Bandhan,Illo laboriosam at delectus.,Suhana Kurian,Female,Indore
821,C050,32,4,2023-02-27,0 days 20:15:31,2023-03-07,0 days 22:46:00,Bareilly,Birthday,8,20,22,February,Monday,7168,1792,40896,Fuga Set,Soft Toys,1792,Birthday,Modi veniam vero dolores.,Chirag Srinivas,Female,Imphal
822,C075,41,5,2023-11-09,0 days 03:23:06,2023-11-12,0 days 04:15:17,Indore,Diwali,3,3,4,November,Thursday,9885,1977,13859,Aut Box,Sweets,1977,Diwali,Ab quisquam nobis ducimus.,Yashvi Bansal,Female,Aligarh
823,C087,64,3,2023-08-27,0 days 15:23:25,2023-09-01,0 days 14:52:40,Alappuzha,Raksha Bandhan,5,15,14,August,Sunday,5634,1878,47979,Nostrum Box,Soft Toys,1878,Raksha Bandhan,Illo laboriosam at delectus.,Rania Bhatt,Female,North Dumdum
824,C097,46,4,2023-05-06,0 days 07:56:11,2023-05-07,0 days 15:23:52,Muzaffarpur,Anniversary,1,7,15,May,Saturday,3032,758,24253,Pariatur Set,Cake,758,Anniversary,In nesciunt maxime nobis officiis dicta.,Nakul Randhawa,Female,Sri Ganganagar
825,C044,25,5,2023-06-30,0 days 10:50:24,2023-07-01,0 days 18:08:04,Nellore,Anniversary,1,10,18,June,Friday,6010,1202,70409,Qui Gift,Plants,1202,Anniversary,Maxime culpa earum blanditiis.,Seher Mann,Male,Agra
826,C077,16,5,2023-03-02,0 days 20:02:07,2023-03-08,0 days 06:16:18,Udaipur,Holi,6,20,6,March,Thursday,8605,1721,48915,Ut Pack,Sweets,1721,Holi,Quae occaecati laborum expedita perspiciatis consequatur ad.,Gokul Ahluwalia,Female,Panchkula
827,C086,9,1,2023-08-29,0 days 22:10:46,2023-08-30,0 days 00:51:55,Surendranagar Dudhrej,Raksha Bandhan,1,22,0,August,Tuesday,1605,1605,16532,Aperiam Box,Colors,1605,Raksha Bandhan,Explicabo totam quaerat a quaerat ducimus officia.,Ivana Amble,Female,Purnia
828,C044,8,3,2023-10-24,0 days 16:47:01,2023-11-01,0 days 22:18:58,Gwalior,Anniversary,8,16,22,October,Tuesday,756,252,70409,Qui Box,Sweets,252,Anniversary,Praesentium necessitatibus quos esse neque.,Seher Mann,Male,Agra
829,C020,42,4,2023-12-19,0 days 18:35:41,2023-12-26,0 days 10:18:04,Visakhapatnam,All Occasions,7,18,10,December,Tuesday,6976,1744,75029,Expedita Gift,Sweets,1744,All Occasions,Necessitatibus cum dolores alias sed.,Samaira Ganesh,Male,Machilipatnam
830,C007,46,2,2023-01-12,0 days 19:18:53,2023-01-15,0 days 05:04:21,Indore,Anniversary,3,19,5,January,Thursday,1516,758,34438,Pariatur Set,Cake,758,Anniversary,In nesciunt maxime nobis officiis dicta.,Jayant Kamdar,Male,Berhampore
831,C079,56,5,2023-05-24,0 days 18:41:33,2023-06-03,0 days 19:06:17,Rajahmundry,Anniversary,10,18,19,May,Wednesday,6360,1272,21593,Quia Gift,Raksha Bandhan,1272,Anniversary,Veniam expedita odit esse.,Vedika Sankaran,Female,Bhilai
832,C026,65,4,2023-02-01,0 days 18:56:24,2023-02-10,0 days 02:19:29,Etawah,All Occasions,9,18,2,February,Wednesday,7580,1895,31319,Error Gift,Raksha Bandhan,1895,All Occasions,Ratione alias nam dignissimos ullam.,Ira Chahal,Female,Farrukhabad
833,C002,26,3,2023-03-05,0 days 00:40:48,2023-03-13,0 days 01:40:17,Shahjahanpur,Holi,8,0,1,March,Sunday,867,289,23860,Aliquam Box,Colors,289,Holi,Sunt repellendus quidem laborum provident voluptas ut nisi.,Myra Edwin,Female,Bulandshahr
834,C029,60,5,2023-11-03,0 days 18:35:20,2023-11-12,0 days 14:01:49,Thrissur,Diwali,9,18,14,November,Friday,4135,827,46420,Ea Set,Sweets,827,Diwali,Ex omnis sit quibusdam.,Badal Sathe,Female,Haridwar
835,C089,32,2,2023-07-05,0 days 17:35:53,2023-07-06,0 days 23:34:11,Cuttack,Birthday,1,17,23,July,Wednesday,3584,1792,43844,Fuga Set,Soft Toys,1792,Birthday,Modi veniam vero dolores.,Oorja Dey,Female,Nellore
836,C020,44,5,2023-11-08,0 days 02:36:05,2023-11-11,0 days 03:11:27,Tumkur,Diwali,3,2,3,November,Wednesday,3970,794,75029,Dolorum Set,Plants,794,Diwali,Nam quod aliquid.,Samaira Ganesh,Male,Machilipatnam
837,C036,14,5,2023-12-19,0 days 12:57:12,2023-12-21,0 days 00:00:36,Raebareli,Birthday,2,12,0,December,Tuesday,9575,1915,34644,Deserunt Box,Colors,1915,Birthday,Incidunt hic vero esse saepe illum.,Biju Bajwa,Female,Dibrugarh
838,C003,19,3,2023-02-09,0 days 10:18:01,2023-02-17,0 days 06:09:40,Sirsa,Valentine's Day,8,10,6,February,Thursday,3702,1234,34871,Iure Gift,Mugs,1234,Valentine's Day,Autem quaerat tempore quasi ipsam.,Jayesh Lanka,Male,Bilaspur
839,C072,51,4,2023-11-02,0 days 03:51:23,2023-11-12,0 days 01:49:51,Udupi,All Occasions,10,3,1,November,Thursday,4336,1084,33067,Fugit Set,Soft Toys,1084,All Occasions,Maiores hic veritatis corporis modi.,Charvi Karnik,Male,Hyderabad
840,C031,67,2,2023-01-13,0 days 19:19:35,2023-01-16,0 days 11:50:30,Tirunelveli,Anniversary,3,19,11,January,Friday,2748,1374,30814,Maiores Box,Raksha Bandhan,1374,Anniversary,Earum quos enim minima.,Madhup Wable,Female,Sasaram
841,C041,26,5,2023-03-07,0 days 06:16:00,2023-03-12,0 days 23:16:39,Bhalswa Jahangir Pur,Holi,5,6,23,March,Tuesday,1445,289,41595,Aliquam Box,Colors,289,Holi,Sunt repellendus quidem laborum provident voluptas ut nisi.,Rati Dhingra,Male,Karaikudi
842,C085,46,2,2023-12-29,0 days 17:11:33,2024-01-01,0 days 02:27:46,Kulti,Anniversary,3,17,2,December,Friday,1516,758,23373,Pariatur Set,Cake,758,Anniversary,In nesciunt maxime nobis officiis dicta.,Bhamini Johal,Male,Raipur
843,C007,68,1,2023-02-11,0 days 21:46:03,2023-02-12,0 days 19:27:09,Bikaner,Valentine's Day,1,21,19,February,Saturday,597,597,34438,Quas Gift,Soft Toys,597,Valentine's Day,Enim non fugit reprehenderit minima.,Jayant Kamdar,Male,Berhampore
844,C067,51,1,2023-10-09,0 days 19:12:55,2023-10-10,0 days 09:48:27,Satara,All Occasions,1,19,9,October,Monday,1084,1084,38028,Fugit Set,Soft Toys,1084,All Occasions,Maiores hic veritatis corporis modi.,Eva Sankaran,Male,Anand
845,C032,57,5,2023-10-17,0 days 18:51:16,2023-10-25,0 days 02:55:03,Hospet,Birthday,8,18,2,October,Tuesday,7910,1582,49494,Voluptatem Box,Colors,1582,Birthday,Similique dolor saepe molestiae.,Mannat Anand,Male,Surat
846,C069,15,4,2023-11-28,0 days 02:47:39,2023-12-02,0 days 06:56:03,Bhalswa Jahangir Pur,Anniversary,4,2,6,November,Tuesday,5952,1488,38017,Repudiandae Box,Raksha Bandhan,1488,Anniversary,Consequuntur placeat quia voluptate esse consectetur accusamus nemo.,Hunar Tripathi,Female,Madhyamgram
847,C009,44,4,2023-11-07,0 days 18:10:17,2023-11-12,0 days 10:21:36,Bareilly,Diwali,5,18,10,November,Tuesday,3176,794,42882,Dolorum Set,Plants,794,Diwali,Nam quod aliquid.,Ritvik Borah,Female,Madurai
848,C005,6,1,2023-03-06,0 days 16:52:57,2023-03-10,0 days 22:26:48,Shimla,Holi,4,16,22,March,Monday,1112,1112,8403,Quos Box,Cake,1112,Holi,Eum deleniti adipisci vero neque.,Hiran Kaul,Male,Kottayam
849,C013,57,1,2023-03-12,0 days 01:16:48,2023-03-14,0 days 00:50:03,Panipat,Birthday,2,1,0,March,Sunday,1582,1582,46738,Voluptatem Box,Colors,1582,Birthday,Similique dolor saepe molestiae.,Manikya Goswami,Female,Mangalore
850,C092,21,4,2023-08-23,0 days 23:15:17,2023-08-25,0 days 10:31:01,Darbhanga,Raksha Bandhan,2,23,10,August,Wednesday,6244,1561,42178,Quia Gift,Colors,1561,Raksha Bandhan,Autem necessitatibus perferendis consequatur suscipit iste harum sint.,Zoya Mani,Male,Dibrugarh
851,C030,13,3,2023-03-06,0 days 11:31:57,2023-03-10,0 days 18:17:54,Singrauli,Holi,4,11,18,March,Monday,3423,1141,48097,Et Set,Mugs,1141,Holi,Eius praesentium ipsum autem.,Vardaniya Contractor,Male,Sambhal
852,C035,44,2,2023-11-11,0 days 09:41:46,2023-11-14,0 days 14:15:30,Ozhukarai,Diwali,3,9,14,November,Saturday,1588,794,23064,Dolorum Set,Plants,794,Diwali,Nam quod aliquid.,Ira Sarna,Male,Vellore
853,C050,51,3,2023-09-17,0 days 21:14:53,2023-09-23,0 days 14:27:28,Jorhat,All Occasions,6,21,14,September,Sunday,3252,1084,40896,Fugit Set,Soft Toys,1084,All Occasions,Maiores hic veritatis corporis modi.,Chirag Srinivas,Female,Imphal
854,C016,62,3,2023-02-27,0 days 02:00:33,2023-03-02,0 days 02:51:29,Bhind,Holi,3,2,2,February,Monday,4068,1356,37655,Sed Set,Colors,1356,Holi,Sequi et dolore et consectetur odit deleniti.,Amani Ganesh,Male,Tenali
855,C033,57,5,2023-08-07,0 days 23:50:11,2023-08-17,0 days 20:15:43,Allahabad,Birthday,10,23,20,August,Monday,7910,1582,32998,Voluptatem Box,Colors,1582,Birthday,Similique dolor saepe molestiae.,Suhana Kurian,Female,Indore
856,C077,21,2,2023-08-27,0 days 17:40:11,2023-09-02,0 days 16:16:50,Kanpur,Raksha Bandhan,6,17,16,August,Sunday,3122,1561,48915,Quia Gift,Colors,1561,Raksha Bandhan,Autem necessitatibus perferendis consequatur suscipit iste harum sint.,Gokul Ahluwalia,Female,Panchkula
857,C053,63,1,2023-02-09,0 days 09:22:18,2023-02-18,0 days 14:00:44,Bareilly,All Occasions,9,9,14,February,Thursday,1348,1348,32732,Adipisci Set,Sweets,1348,All Occasions,Recusandae voluptate eaque blanditiis harum in facere consequuntur.,Kismat Kapadia,Female,Bharatpur
858,C046,44,4,2023-11-08,0 days 01:51:48,2023-11-09,0 days 16:01:24,Saharanpur,Diwali,1,1,16,November,Wednesday,3176,794,29150,Dolorum Set,Plants,794,Diwali,Nam quod aliquid.,Tara Kannan,Male,Guna
859,C047,43,1,2023-11-10,0 days 07:06:21,2023-11-15,0 days 01:46:27,Varanasi,Diwali,5,7,1,November,Friday,750,750,28829,Quisquam Pack,Raksha Bandhan,750,Diwali,Odio incidunt tempore nesciunt.,Bhamini Ravi,Male,Jorhat
860,C064,14,1,2023-01-10,0 days 19:29:59,2023-01-13,0 days 13:30:30,Adoni,Birthday,3,19,13,January,Tuesday,1915,1915,36991,Deserunt Box,Colors,1915,Birthday,Incidunt hic vero esse saepe illum.,Indrajit Kale,Male,Srikakulam
861,C030,32,1,2023-02-09,0 days 08:19:31,2023-02-14,0 days 02:37:34,Bidar,Birthday,5,8,2,February,Thursday,1792,1792,48097,Fuga Set,Soft Toys,1792,Birthday,Modi veniam vero dolores.,Vardaniya Contractor,Male,Sambhal
862,C049,6,4,2023-03-07,0 days 05:51:14,2023-03-15,0 days 08:23:47,Shimoga,Holi,8,5,8,March,Tuesday,4448,1112,38936,Quos Box,Cake,1112,Holi,Eum deleniti adipisci vero neque.,Aarush Balasubramanian,Female,Imphal
863,C099,20,3,2023-06-05,0 days 09:28:04,2023-06-15,0 days 03:13:05,Jehanabad,Anniversary,10,9,3,June,Monday,2091,697,53082,Reiciendis Box,Colors,697,Anniversary,Molestias earum quam dolor.,Ranbir Loyal,Female,Dhanbad
864,C033,11,1,2023-02-11,0 days 19:34:22,2023-02-15,0 days 08:05:38,Lucknow,Valentine's Day,4,19,8,February,Saturday,1096,1096,32998,Maxime Set,Mugs,1096,Valentine's Day,Sapiente exercitationem illo sed ea.,Suhana Kurian,Female,Indore
865,C032,19,1,2023-02-12,0 days 18:09:14,2023-02-13,0 days 06:38:00,Kumbakonam,Valentine's Day,1,18,6,February,Sunday,1234,1234,49494,Iure Gift,Mugs,1234,Valentine's Day,Autem quaerat tempore quasi ipsam.,Mannat Anand,Male,Surat
866,C021,15,5,2023-08-10,0 days 20:06:37,2023-08-11,0 days 08:02:41,Medininagar,Anniversary,1,20,8,August,Thursday,7440,1488,23641,Repudiandae Box,Raksha Bandhan,1488,Anniversary,Consequuntur placeat quia voluptate esse consectetur accusamus nemo.,Siya Talwar,Male,Mehsana
867,C014,48,1,2023-11-02,0 days 12:22:06,2023-11-04,0 days 05:08:47,Hajipur,Diwali,2,12,5,November,Thursday,433,433,37235,Maiores Gift,Colors,433,Diwali,Repellendus quae iusto nostrum commodi adipisci.,Indrans Shukla,Female,Panvel
868,C099,32,1,2023-08-22,0 days 01:01:17,2023-08-30,0 days 10:09:12,Anand,Birthday,8,1,10,August,Tuesday,1792,1792,53082,Fuga Set,Soft Toys,1792,Birthday,Modi veniam vero dolores.,Ranbir Loyal,Female,Dhanbad
869,C032,3,5,2023-02-06,0 days 10:03:19,2023-02-11,0 days 23:16:28,Hazaribagh,Valentine's Day,5,10,23,February,Monday,7670,1534,49494,Eius Gift,Colors,1534,Valentine's Day,Deserunt pariatur mollitia voluptatem.,Mannat Anand,Male,Surat
870,C018,43,5,2023-11-05,0 days 15:13:46,2023-11-07,0 days 06:49:39,Pallavaram,Diwali,2,15,6,November,Sunday,3750,750,33717,Quisquam Pack,Raksha Bandhan,750,Diwali,Odio incidunt tempore nesciunt.,Eva Vaidya,Male,Nizamabad
871,C062,15,1,2023-06-11,0 days 06:05:30,2023-06-15,0 days 20:56:56,Secunderabad,Anniversary,4,6,20,June,Sunday,1488,1488,29721,Repudiandae Box,Raksha Bandhan,1488,Anniversary,Consequuntur placeat quia voluptate esse consectetur accusamus nemo.,Inaaya  Sarraf,Male,Nagpur
872,C094,13,2,2023-03-05,0 days 20:27:57,2023-03-10,0 days 01:32:23,Bokaro,Holi,5,20,1,March,Sunday,2282,1141,31041,Et Set,Mugs,1141,Holi,Eius praesentium ipsum autem.,Raghav Babu,Female,Deoghar
873,C027,64,4,2023-08-26,0 days 10:57:00,2023-09-05,0 days 15:45:27,Nandyal,Raksha Bandhan,10,10,15,August,Saturday,7512,1878,33149,Nostrum Box,Soft Toys,1878,Raksha Bandhan,Illo laboriosam at delectus.,Kashvi Sur,Female,Serampore
874,C010,68,1,2023-02-11,0 days 12:42:30,2023-02-21,0 days 17:35:44,Ramagundam,Valentine's Day,10,12,17,February,Saturday,597,597,24931,Quas Gift,Soft Toys,597,Valentine's Day,Enim non fugit reprehenderit minima.,Darshit Dave,Male,Kanpur
875,C011,13,1,2023-03-05,0 days 21:22:31,2023-03-14,0 days 19:57:46,Purnia,Holi,9,21,19,March,Sunday,1141,1141,15042,Et Set,Mugs,1141,Holi,Eius praesentium ipsum autem.,Lagan Kapoor,Female,Orai
876,C016,4,4,2023-11-06,0 days 09:38:36,2023-11-14,0 days 20:47:44,Jaunpur,Diwali,8,9,20,November,Monday,4796,1199,37655,Accusantium Set,Sweets,1199,Diwali,Corporis odio consequatur perferendis repellendus laudantium deserunt.,Amani Ganesh,Male,Tenali
877,C041,46,5,2023-03-09,0 days 23:16:16,2023-03-18,0 days 12:27:24,Hazaribagh,Anniversary,9,23,12,March,Thursday,3790,758,41595,Pariatur Set,Cake,758,Anniversary,In nesciunt maxime nobis officiis dicta.,Rati Dhingra,Male,Karaikudi
878,C057,4,2,2023-11-10,0 days 16:36:59,2023-11-19,0 days 16:45:34,Singrauli,Diwali,9,16,16,November,Friday,2398,1199,28825,Accusantium Set,Sweets,1199,Diwali,Corporis odio consequatur perferendis repellendus laudantium deserunt.,Zain Hegde,Female,Delhi
879,C092,33,2,2023-02-07,0 days 05:34:34,2023-02-10,0 days 11:27:38,Kishanganj,Valentine's Day,3,5,11,February,Tuesday,628,314,42178,Earum Set,Colors,314,Valentine's Day,Nisi quis nam ipsa molestias vel totam.,Zoya Mani,Male,Dibrugarh
880,C044,34,5,2023-08-29,0 days 22:14:26,2023-08-31,0 days 04:54:50,Purnia,Raksha Bandhan,2,22,4,August,Tuesday,6675,1335,70409,Placeat Pack,Soft Toys,1335,Raksha Bandhan,Illo in quas at rem.,Seher Mann,Male,Agra
881,C015,28,4,2023-08-21,0 days 15:17:42,2023-08-28,0 days 12:59:45,New Delhi,Raksha Bandhan,7,15,12,August,Monday,7112,1778,22045,Velit Set,Sweets,1778,Raksha Bandhan,Quidem sit facilis consequuntur iusto dignissimos exercitationem.,Romil Bajwa,Female,Kolkata
882,C089,64,2,2023-08-29,0 days 05:32:40,2023-09-08,0 days 16:14:53,Srikakulam,Raksha Bandhan,10,5,16,August,Tuesday,3756,1878,43844,Nostrum Box,Soft Toys,1878,Raksha Bandhan,Illo laboriosam at delectus.,Oorja Dey,Female,Nellore
883,C041,36,4,2023-07-16,0 days 19:44:04,2023-07-17,0 days 21:03:02,Shahjahanpur,Birthday,1,19,21,July,Sunday,812,203,41595,Cum Gift,Plants,203,Birthday,Magni maiores ullam fugiat.,Rati Dhingra,Male,Karaikudi
884,C091,10,3,2023-03-18,0 days 22:15:44,2023-03-27,0 days 18:59:55,Tezpur,Birthday,9,22,18,March,Saturday,777,259,32001,Accusantium Gift,Cake,259,Birthday,Minima nobis repellendus distinctio a veritatis voluptate eaque.,Adira Rajan,Female,New Delhi
885,C084,42,2,2023-10-17,0 days 19:52:58,2023-10-21,0 days 18:46:10,Pudukkottai,All Occasions,4,19,18,October,Tuesday,3488,1744,49100,Expedita Gift,Sweets,1744,All Occasions,Necessitatibus cum dolores alias sed.,Anahita Shankar,Male,Tiruchirappalli
886,C045,53,3,2023-08-21,0 days 08:23:02,2023-08-25,0 days 19:52:35,Nanded,Raksha Bandhan,4,8,19,August,Monday,5016,1672,61294,Ipsam Set,Sweets,1672,Raksha Bandhan,Deleniti aspernatur pariatur laudantium nihil at.,Divit Mahajan,Female,Maheshtala
887,C091,51,3,2023-06-29,0 days 17:20:29,2023-06-30,0 days 09:55:50,Visakhapatnam,All Occasions,1,17,9,June,Thursday,3252,1084,32001,Fugit Set,Soft Toys,1084,All Occasions,Maiores hic veritatis corporis modi.,Adira Rajan,Female,New Delhi
888,C014,69,3,2023-03-06,0 days 11:34:43,2023-03-11,0 days 15:14:09,Gandhinagar,Holi,5,11,15,March,Monday,2994,998,37235,Id Box,Cake,998,Holi,Earum odio vitae mollitia autem.,Indrans Shukla,Female,Panvel
889,C050,36,3,2023-08-16,0 days 23:06:44,2023-08-18,0 days 10:05:02,Bangalore,Birthday,2,23,10,August,Wednesday,609,203,40896,Cum Gift,Plants,203,Birthday,Magni maiores ullam fugiat.,Chirag Srinivas,Female,Imphal
890,C064,45,4,2023-03-23,0 days 23:25:20,2023-03-27,0 days 11:38:15,Kharagpur,Birthday,4,23,11,March,Thursday,2888,722,36991,Iusto Set,Raksha Bandhan,722,Birthday,Adipisci quo laboriosam.,Indrajit Kale,Male,Srikakulam
891,C027,58,2,2023-02-08,0 days 14:56:43,2023-02-16,0 days 23:54:45,Shivpuri,Valentine's Day,8,14,23,February,Wednesday,2984,1492,33149,Sed Pack,Cake,1492,Valentine's Day,Reiciendis nam omnis vel explicabo amet perferendis.,Kashvi Sur,Female,Serampore
892,C025,11,4,2023-02-06,0 days 18:33:04,2023-02-07,0 days 01:26:54,Thrissur,Valentine's Day,1,18,1,February,Monday,4384,1096,26463,Maxime Set,Mugs,1096,Valentine's Day,Sapiente exercitationem illo sed ea.,Ira Bava,Female,Singrauli
893,C010,63,3,2023-03-28,0 days 15:40:42,2023-04-07,0 days 14:49:23,Sangli-Miraj & Kupwad,All Occasions,10,15,14,March,Tuesday,4044,1348,24931,Adipisci Set,Sweets,1348,All Occasions,Recusandae voluptate eaque blanditiis harum in facere consequuntur.,Darshit Dave,Male,Kanpur
894,C092,54,4,2023-10-14,0 days 14:05:43,2023-10-21,0 days 23:10:21,Proddatur,Anniversary,7,14,23,October,Saturday,4944,1236,42178,Occaecati Gift,Cake,1236,Anniversary,Ducimus possimus saepe totam impedit amet reprehenderit.,Zoya Mani,Male,Dibrugarh
895,C066,45,1,2023-03-28,0 days 18:45:56,2023-04-06,0 days 02:53:40,Sambhal,Birthday,9,18,2,March,Tuesday,722,722,23870,Iusto Set,Raksha Bandhan,722,Birthday,Adipisci quo laboriosam.,Eshani Buch,Female,Malegaon
896,C053,46,1,2023-04-05,0 days 04:13:55,2023-04-10,0 days 12:50:15,Haldia,Anniversary,5,4,12,April,Wednesday,758,758,32732,Pariatur Set,Cake,758,Anniversary,In nesciunt maxime nobis officiis dicta.,Kismat Kapadia,Female,Bharatpur
897,C031,34,5,2023-08-25,0 days 07:53:21,2023-09-01,0 days 14:02:50,Dhule,Raksha Bandhan,7,7,14,August,Friday,6675,1335,30814,Placeat Pack,Soft Toys,1335,Raksha Bandhan,Illo in quas at rem.,Madhup Wable,Female,Sasaram
898,C018,52,1,2023-02-09,0 days 06:18:52,2023-02-13,0 days 23:13:42,Kadapa,Valentine's Day,4,6,23,February,Thursday,236,236,33717,Dolorum Box,Raksha Bandhan,236,Valentine's Day,Amet accusamus natus magni non recusandae.,Eva Vaidya,Male,Nizamabad
899,C011,63,1,2023-12-17,0 days 21:29:55,2023-12-24,0 days 00:16:41,Bijapur,All Occasions,7,21,0,December,Sunday,1348,1348,15042,Adipisci Set,Sweets,1348,All Occasions,Recusandae voluptate eaque blanditiis harum in facere consequuntur.,Lagan Kapoor,Female,Orai
900,C027,57,3,2023-04-07,0 days 15:09:00,2023-04-15,0 days 08:30:53,Sagar,Birthday,8,15,8,April,Friday,4746,1582,33149,Voluptatem Box,Colors,1582,Birthday,Similique dolor saepe molestiae.,Kashvi Sur,Female,Serampore
901,C043,27,4,2023-08-22,0 days 07:55:38,2023-08-27,0 days 01:32:30,Deoghar,Raksha Bandhan,5,7,1,August,Tuesday,2192,548,28053,Architecto Gift,Cake,548,Raksha Bandhan,Odio quisquam inventore esse sed recusandae autem.,Yasmin Sheth,Female,Vellore
902,C025,32,5,2023-03-22,0 days 13:29:55,2023-03-24,0 days 12:24:01,Bidar,Birthday,2,13,12,March,Wednesday,8960,1792,26463,Fuga Set,Soft Toys,1792,Birthday,Modi veniam vero dolores.,Ira Bava,Female,Singrauli
903,C066,63,2,2023-09-15,0 days 17:42:23,2023-09-22,0 days 19:28:38,Bhusawal,All Occasions,7,17,19,September,Friday,2696,1348,23870,Adipisci Set,Sweets,1348,All Occasions,Recusandae voluptate eaque blanditiis harum in facere consequuntur.,Eshani Buch,Female,Malegaon
904,C013,2,4,2023-02-12,0 days 22:05:48,2023-02-17,0 days 01:05:37,Mira-Bhayandar,Valentine's Day,5,22,1,February,Sunday,1764,441,46738,Voluptas Box,Plants,441,Valentine's Day,At quaerat animi nemo.,Manikya Goswami,Female,Mangalore
905,C080,58,1,2023-02-10,0 days 19:31:35,2023-02-16,0 days 08:32:14,Ichalkaranji,Valentine's Day,6,19,8,February,Friday,1492,1492,22226,Sed Pack,Cake,1492,Valentine's Day,Reiciendis nam omnis vel explicabo amet perferendis.,Mohanlal Garde,Male,Bhopal
906,C100,49,3,2023-02-06,0 days 01:16:20,2023-02-16,0 days 09:14:48,Jalandhar,Valentine's Day,10,1,9,February,Monday,2709,903,34509,Voluptate Pack,Colors,903,Valentine's Day,Saepe ratione ab inventore dignissimos.,Pranay Chaudhary,Female,Phagwara
907,C046,30,2,2023-04-19,0 days 21:36:41,2023-04-25,0 days 11:12:03,Burhanpur,Anniversary,6,21,11,April,Wednesday,1502,751,29150,Recusandae Pack,Colors,751,Anniversary,Maxime exercitationem repellat veritatis a dolorem.,Tara Kannan,Male,Guna
908,C090,28,5,2023-08-22,0 days 15:51:25,2023-08-24,0 days 22:50:08,Ozhukarai,Raksha Bandhan,2,15,22,August,Tuesday,8890,1778,32456,Velit Set,Sweets,1778,Raksha Bandhan,Quidem sit facilis consequuntur iusto dignissimos exercitationem.,Drishya De,Female,Anantapuram
909,C084,42,1,2023-11-04,0 days 07:43:51,2023-11-08,0 days 22:25:25,Hyderabad,All Occasions,4,7,22,November,Saturday,1744,1744,49100,Expedita Gift,Sweets,1744,All Occasions,Necessitatibus cum dolores alias sed.,Anahita Shankar,Male,Tiruchirappalli
910,C066,55,4,2023-08-26,0 days 02:03:23,2023-09-04,0 days 17:03:10,Kamarhati,Raksha Bandhan,9,2,17,August,Saturday,7616,1904,23870,Dolores Gift,Soft Toys,1904,Raksha Bandhan,Nobis sed corrupti cupiditate fugiat unde.,Eshani Buch,Female,Malegaon
911,C071,22,4,2023-01-23,0 days 05:18:52,2023-01-28,0 days 01:35:19,Nangloi Jat,All Occasions,5,5,1,January,Monday,6556,1639,35825,Exercitationem Pack,Soft Toys,1639,All Occasions,Iusto cum nostrum quasi dicta totam error.,Purab Sheth,Male,Tiruppur
912,C062,9,4,2023-08-29,0 days 03:09:59,2023-09-06,0 days 11:36:14,Ghaziabad,Raksha Bandhan,8,3,11,August,Tuesday,6420,1605,29721,Aperiam Box,Colors,1605,Raksha Bandhan,Explicabo totam quaerat a quaerat ducimus officia.,Inaaya  Sarraf,Male,Nagpur
913,C092,56,5,2023-12-10,0 days 18:39:24,2023-12-12,0 days 05:37:07,Bharatpur,Anniversary,2,18,5,December,Sunday,6360,1272,42178,Quia Gift,Raksha Bandhan,1272,Anniversary,Veniam expedita odit esse.,Zoya Mani,Male,Dibrugarh
914,C048,33,4,2023-02-09,0 days 14:52:18,2023-02-14,0 days 09:47:20,Sambhal,Valentine's Day,5,14,9,February,Thursday,1256,314,24465,Earum Set,Colors,314,Valentine's Day,Nisi quis nam ipsa molestias vel totam.,Aradhya Kale,Male,Guntakal
915,C014,35,1,2023-03-06,0 days 21:12:40,2023-03-14,0 days 05:32:37,Uluberia,Holi,8,21,5,March,Monday,1865,1865,37235,Nam Gift,Colors,1865,Holi,Ab possimus tempore maiores nesciunt enim placeat excepturi.,Indrans Shukla,Female,Panvel
916,C063,33,2,2023-02-06,0 days 04:23:09,2023-02-14,0 days 21:19:24,Darbhanga,Valentine's Day,8,4,21,February,Monday,628,314,43857,Earum Set,Colors,314,Valentine's Day,Nisi quis nam ipsa molestias vel totam.,Arhaan Ahluwalia,Male,Jamnagar
917,C052,12,3,2023-01-24,0 days 05:56:54,2023-01-29,0 days 11:04:23,Bareilly,Anniversary,5,5,11,January,Tuesday,2016,672,40731,Non Set,Plants,672,Anniversary,Fugiat id similique minima corrupti ut sint sapiente.,Vardaniya Apte,Male,Dhanbad
918,C083,19,2,2023-02-12,0 days 18:13:06,2023-02-21,0 days 22:02:06,Pali,Valentine's Day,9,18,22,February,Sunday,2468,1234,42088,Iure Gift,Mugs,1234,Valentine's Day,Autem quaerat tempore quasi ipsam.,Aaryahi Sodhi,Male,Raurkela Industrial Township
919,C038,35,5,2023-02-28,0 days 08:27:53,2023-03-04,0 days 00:05:29,Delhi,Holi,4,8,0,February,Tuesday,9325,1865,40160,Nam Gift,Colors,1865,Holi,Ab possimus tempore maiores nesciunt enim placeat excepturi.,Yakshit Shah,Female,Aizawl
920,C026,45,1,2023-06-29,0 days 20:23:05,2023-07-08,0 days 23:41:37,Gorakhpur,Birthday,9,20,23,June,Thursday,722,722,31319,Iusto Set,Raksha Bandhan,722,Birthday,Adipisci quo laboriosam.,Ira Chahal,Female,Farrukhabad
921,C078,23,4,2023-09-18,0 days 13:52:40,2023-09-23,0 days 07:22:26,Ghaziabad,Anniversary,5,13,7,September,Monday,4392,1098,44597,Dignissimos Pack,Sweets,1098,Anniversary,Sunt laborum incidunt ad asperiores itaque minus placeat.,Jivika Rajan,Female,Bhubaneswar
922,C009,23,1,2023-12-14,0 days 09:16:24,2023-12-18,0 days 08:03:37,Mahbubnagar,Anniversary,4,9,8,December,Thursday,1098,1098,42882,Dignissimos Pack,Sweets,1098,Anniversary,Sunt laborum incidunt ad asperiores itaque minus placeat.,Ritvik Borah,Female,Madurai
923,C034,7,4,2023-02-27,0 days 14:37:32,2023-02-28,0 days 22:01:37,Ahmedabad,Holi,1,14,22,February,Monday,1636,409,33618,Quos Set,Soft Toys,409,Holi,Sint accusamus veritatis exercitationem corporis.,Hridaan Sood,Male,Bhatpara
924,C013,17,1,2023-03-25,0 days 09:47:09,2023-04-04,0 days 22:56:05,Sagar,Anniversary,10,9,22,March,Saturday,1899,1899,46738,Delectus Gift,Soft Toys,1899,Anniversary,Architecto beatae ullam ad sed dolorem voluptates est.,Manikya Goswami,Female,Mangalore
925,C012,31,1,2023-01-08,0 days 00:55:51,2023-01-12,0 days 06:39:07,Pallavaram,All Occasions,4,0,6,January,Sunday,1804,1804,23591,Nihil Box,Colors,1804,All Occasions,Eveniet sint molestiae.,Onkar Mangat,Male,Bilaspur
926,C049,40,4,2023-03-28,0 days 23:01:58,2023-03-31,0 days 23:51:25,Kulti,Anniversary,3,23,23,March,Tuesday,7692,1923,38936,Provident Pack,Sweets,1923,Anniversary,Voluptate eaque accusamus nobis voluptatem accusamus.,Aarush Balasubramanian,Female,Imphal
927,C100,43,4,2023-11-03,0 days 06:38:15,2023-11-11,0 days 05:00:17,Gopalpur,Diwali,8,6,5,November,Friday,3000,750,34509,Quisquam Pack,Raksha Bandhan,750,Diwali,Odio incidunt tempore nesciunt.,Pranay Chaudhary,Female,Phagwara
928,C012,23,3,2023-11-19,0 days 11:06:24,2023-11-27,0 days 10:16:12,Bihar Sharif,Anniversary,8,11,10,November,Sunday,3294,1098,23591,Dignissimos Pack,Sweets,1098,Anniversary,Sunt laborum incidunt ad asperiores itaque minus placeat.,Onkar Mangat,Male,Bilaspur
929,C085,23,1,2023-03-19,0 days 07:00:52,2023-03-26,0 days 13:02:32,Kavali,Anniversary,7,7,13,March,Sunday,1098,1098,23373,Dignissimos Pack,Sweets,1098,Anniversary,Sunt laborum incidunt ad asperiores itaque minus placeat.,Bhamini Johal,Male,Raipur
930,C083,61,3,2023-06-03,0 days 15:52:31,2023-06-07,0 days 19:41:15,Gangtok,Anniversary,4,15,19,June,Saturday,2430,810,42088,Iusto Box,Plants,810,Anniversary,Sequi numquam rerum aspernatur aspernatur in.,Aaryahi Sodhi,Male,Raurkela Industrial Township
931,C053,14,1,2023-04-17,0 days 19:48:12,2023-04-19,0 days 10:25:35,Mahbubnagar,Birthday,2,19,10,April,Monday,1915,1915,32732,Deserunt Box,Colors,1915,Birthday,Incidunt hic vero esse saepe illum.,Kismat Kapadia,Female,Bharatpur
932,C038,63,2,2023-10-29,0 days 16:32:30,2023-11-02,0 days 22:17:11,Durgapur,All Occasions,4,16,22,October,Sunday,2696,1348,40160,Adipisci Set,Sweets,1348,All Occasions,Recusandae voluptate eaque blanditiis harum in facere consequuntur.,Yakshit Shah,Female,Aizawl
933,C038,51,3,2023-11-14,0 days 12:17:01,2023-11-23,0 days 02:50:02,Muzaffarnagar,All Occasions,9,12,2,November,Tuesday,3252,1084,40160,Fugit Set,Soft Toys,1084,All Occasions,Maiores hic veritatis corporis modi.,Yakshit Shah,Female,Aizawl
934,C022,27,5,2023-08-22,0 days 00:41:04,2023-08-23,0 days 08:38:52,Agartala,Raksha Bandhan,1,0,8,August,Tuesday,2740,548,40262,Architecto Gift,Cake,548,Raksha Bandhan,Odio quisquam inventore esse sed recusandae autem.,Ivana Rout,Male,Khandwa
935,C046,27,5,2023-08-20,0 days 09:38:15,2023-08-29,0 days 17:18:37,Kurnool,Raksha Bandhan,9,9,17,August,Sunday,2740,548,29150,Architecto Gift,Cake,548,Raksha Bandhan,Odio quisquam inventore esse sed recusandae autem.,Tara Kannan,Male,Guna
936,C045,43,4,2023-11-02,0 days 21:26:31,2023-11-08,0 days 10:03:32,Bardhaman,Diwali,6,21,10,November,Thursday,3000,750,61294,Quisquam Pack,Raksha Bandhan,750,Diwali,Odio incidunt tempore nesciunt.,Divit Mahajan,Female,Maheshtala
937,C097,51,2,2023-03-11,0 days 03:57:43,2023-03-15,0 days 19:27:13,Rohtak,All Occasions,4,3,19,March,Saturday,2168,1084,24253,Fugit Set,Soft Toys,1084,All Occasions,Maiores hic veritatis corporis modi.,Nakul Randhawa,Female,Sri Ganganagar
938,C005,59,3,2023-08-29,0 days 18:12:49,2023-09-08,0 days 01:17:33,Ratlam,Raksha Bandhan,10,18,1,August,Tuesday,2433,811,8403,Pariatur Box,Cake,811,Raksha Bandhan,Exercitationem occaecati quam aperiam.,Hiran Kaul,Male,Kottayam
939,C084,9,4,2023-08-20,0 days 20:55:05,2023-08-21,0 days 04:36:14,Bhilai,Raksha Bandhan,1,20,4,August,Sunday,6420,1605,49100,Aperiam Box,Colors,1605,Raksha Bandhan,Explicabo totam quaerat a quaerat ducimus officia.,Anahita Shankar,Male,Tiruchirappalli
940,C082,57,4,2023-01-11,0 days 23:38:25,2023-01-12,0 days 04:04:53,Orai,Birthday,1,23,4,January,Wednesday,6328,1582,26728,Voluptatem Box,Colors,1582,Birthday,Similique dolor saepe molestiae.,Anya Chaudhari,Female,Ahmednagar
941,C058,18,4,2023-05-19,0 days 09:16:07,2023-05-22,0 days 10:28:01,Bidar,Birthday,3,9,10,May,Friday,3124,781,35678,Nemo Set,Plants,781,Birthday,Perspiciatis nemo dolorem perspiciatis aspernatur.,Charvi Kanda,Male,Guntakal
942,C024,51,1,2023-12-23,0 days 04:59:43,2023-12-26,0 days 15:56:22,Surat,All Occasions,3,4,15,December,Saturday,1084,1084,59666,Fugit Set,Soft Toys,1084,All Occasions,Maiores hic veritatis corporis modi.,Jhanvi Chowdhury,Female,Kavali
943,C026,22,4,2023-02-19,0 days 14:27:09,2023-02-22,0 days 19:05:59,Narasaraopet,All Occasions,3,14,19,February,Sunday,6556,1639,31319,Exercitationem Pack,Soft Toys,1639,All Occasions,Iusto cum nostrum quasi dicta totam error.,Ira Chahal,Female,Farrukhabad
944,C024,67,4,2023-11-17,0 days 20:34:33,2023-11-21,0 days 16:40:40,Amravati,Anniversary,4,20,16,November,Friday,5496,1374,59666,Maiores Box,Raksha Bandhan,1374,Anniversary,Earum quos enim minima.,Jhanvi Chowdhury,Female,Kavali
945,C038,18,2,2023-07-30,0 days 12:00:02,2023-08-06,0 days 12:44:49,Raebareli,Birthday,7,12,12,July,Sunday,1562,781,40160,Nemo Set,Plants,781,Birthday,Perspiciatis nemo dolorem perspiciatis aspernatur.,Yakshit Shah,Female,Aizawl
946,C050,17,4,2023-12-02,0 days 11:07:29,2023-12-09,0 days 17:43:17,Ratlam,Anniversary,7,11,17,December,Saturday,7596,1899,40896,Delectus Gift,Soft Toys,1899,Anniversary,Architecto beatae ullam ad sed dolorem voluptates est.,Chirag Srinivas,Female,Imphal
947,C100,38,3,2023-10-06,0 days 19:16:19,2023-10-08,0 days 23:24:47,Nadiad,Birthday,2,19,23,October,Friday,1686,562,34509,Mollitia Set,Cake,562,Birthday,Eaque deserunt possimus alias sint odit facere.,Pranay Chaudhary,Female,Phagwara
948,C061,26,3,2023-03-04,0 days 18:21:51,2023-03-07,0 days 13:11:26,Dehradun,Holi,3,18,13,March,Saturday,867,289,50313,Aliquam Box,Colors,289,Holi,Sunt repellendus quidem laborum provident voluptas ut nisi.,Akarsh Ramesh,Female,Kavali
949,C020,6,4,2023-02-27,0 days 20:55:01,2023-03-06,0 days 09:35:17,Begusarai,Holi,7,20,9,February,Monday,4448,1112,75029,Quos Box,Cake,1112,Holi,Eum deleniti adipisci vero neque.,Samaira Ganesh,Male,Machilipatnam
950,C014,39,3,2023-10-16,0 days 19:31:00,2023-10-18,0 days 21:09:20,Tiruchirappalli,All Occasions,2,19,21,October,Monday,1161,387,37235,Voluptate Set,Mugs,387,All Occasions,Voluptates nostrum ratione sint odit dolore consectetur.,Indrans Shukla,Female,Panvel
951,C024,20,1,2023-11-23,0 days 15:34:09,2023-11-25,0 days 19:03:34,Bongaigaon,Anniversary,2,15,19,November,Thursday,697,697,59666,Reiciendis Box,Colors,697,Anniversary,Molestias earum quam dolor.,Jhanvi Chowdhury,Female,Kavali
952,C027,49,4,2023-02-12,0 days 02:48:07,2023-02-22,0 days 09:19:09,Bidar,Valentine's Day,10,2,9,February,Sunday,3612,903,33149,Voluptate Pack,Colors,903,Valentine's Day,Saepe ratione ab inventore dignissimos.,Kashvi Sur,Female,Serampore
953,C076,40,1,2023-09-03,0 days 00:26:01,2023-09-04,0 days 07:33:50,Varanasi,Anniversary,1,0,7,September,Sunday,1923,1923,25892,Provident Pack,Sweets,1923,Anniversary,Voluptate eaque accusamus nobis voluptatem accusamus.,Oorja Dayal,Female,Gaya
954,C063,44,3,2023-11-02,0 days 04:01:43,2023-11-03,0 days 18:21:01,Ballia,Diwali,1,4,18,November,Thursday,2382,794,43857,Dolorum Set,Plants,794,Diwali,Nam quod aliquid.,Arhaan Ahluwalia,Male,Jamnagar
955,C015,24,4,2023-06-03,0 days 00:30:48,2023-06-07,0 days 09:07:26,Singrauli,Birthday,4,0,9,June,Saturday,2140,535,22045,Ad Box,Mugs,535,Birthday,Possimus perspiciatis nesciunt modi molestias.,Romil Bajwa,Female,Kolkata
956,C037,34,5,2023-08-29,0 days 04:52:24,2023-09-03,0 days 14:53:28,Sagar,Raksha Bandhan,5,4,14,August,Tuesday,6675,1335,35693,Placeat Pack,Soft Toys,1335,Raksha Bandhan,Illo in quas at rem.,Aradhya Kumar,Male,Davanagere
957,C038,23,1,2023-12-15,0 days 01:56:38,2023-12-17,0 days 21:07:55,Kanpur,Anniversary,2,1,21,December,Friday,1098,1098,40160,Dignissimos Pack,Sweets,1098,Anniversary,Sunt laborum incidunt ad asperiores itaque minus placeat.,Yakshit Shah,Female,Aizawl
958,C009,16,3,2023-03-07,0 days 14:02:57,2023-03-14,0 days 22:04:41,Bihar Sharif,Holi,7,14,22,March,Tuesday,5163,1721,42882,Ut Pack,Sweets,1721,Holi,Quae occaecati laborum expedita perspiciatis consequatur ad.,Ritvik Borah,Female,Madurai
959,C098,40,1,2023-12-21,0 days 01:54:46,2023-12-26,0 days 21:05:45,Raebareli,Anniversary,5,1,21,December,Thursday,1923,1923,40556,Provident Pack,Sweets,1923,Anniversary,Voluptate eaque accusamus nobis voluptatem accusamus.,Navya Golla,Male,Cuttack
960,C032,48,3,2023-11-05,0 days 05:25:49,2023-11-08,0 days 09:56:17,Nadiad,Diwali,3,5,9,November,Sunday,1299,433,49494,Maiores Gift,Colors,433,Diwali,Repellendus quae iusto nostrum commodi adipisci.,Mannat Anand,Male,Surat
961,C016,1,5,2023-02-01,0 days 06:49:28,2023-02-10,0 days 20:54:38,Gulbarga,All Occasions,9,6,20,February,Wednesday,9675,1935,37655,Magnam Set,Soft Toys,1935,All Occasions,Quam numquam iste sunt nemo.,Amani Ganesh,Male,Tenali
962,C028,17,5,2023-09-29,0 days 11:55:53,2023-10-01,0 days 16:15:08,Kalyan-Dombivli,Anniversary,2,11,16,September,Friday,9495,1899,37013,Delectus Gift,Soft Toys,1899,Anniversary,Architecto beatae ullam ad sed dolorem voluptates est.,Hridaan Rajagopalan,Female,Noida
963,C025,29,1,2023-03-03,0 days 08:44:19,2023-03-06,0 days 10:36:46,Phagwara,Holi,3,8,10,March,Friday,1252,1252,26463,In Set,Colors,1252,Holi,Occaecati impedit incidunt qui.,Ira Bava,Female,Singrauli
964,C098,32,4,2023-10-19,0 days 06:39:41,2023-10-23,0 days 22:22:39,Jammu,Birthday,4,6,22,October,Thursday,7168,1792,40556,Fuga Set,Soft Toys,1792,Birthday,Modi veniam vero dolores.,Navya Golla,Male,Cuttack
965,C080,62,1,2023-03-02,0 days 03:15:10,2023-03-06,0 days 17:20:22,Amaravati,Holi,4,3,17,March,Thursday,1356,1356,22226,Sed Set,Colors,1356,Holi,Sequi et dolore et consectetur odit deleniti.,Mohanlal Garde,Male,Bhopal
966,C061,13,2,2023-03-01,0 days 02:21:06,2023-03-10,0 days 10:22:53,Nellore,Holi,9,2,10,March,Wednesday,2282,1141,50313,Et Set,Mugs,1141,Holi,Eius praesentium ipsum autem.,Akarsh Ramesh,Female,Kavali
967,C041,68,4,2023-02-12,0 days 00:21:23,2023-02-20,0 days 18:29:48,Siliguri,Valentine's Day,8,0,18,February,Sunday,2388,597,41595,Quas Gift,Soft Toys,597,Valentine's Day,Enim non fugit reprehenderit minima.,Rati Dhingra,Male,Karaikudi
968,C002,9,2,2023-08-25,0 days 23:55:22,2023-09-01,0 days 20:24:11,Jaunpur,Raksha Bandhan,7,23,20,August,Friday,3210,1605,23860,Aperiam Box,Colors,1605,Raksha Bandhan,Explicabo totam quaerat a quaerat ducimus officia.,Myra Edwin,Female,Bulandshahr
969,C004,42,4,2023-08-30,0 days 22:56:34,2023-09-03,0 days 03:22:59,Khammam,All Occasions,4,22,3,August,Wednesday,6976,1744,35894,Expedita Gift,Sweets,1744,All Occasions,Necessitatibus cum dolores alias sed.,Tarini Bava,Male,Miryalaguda
970,C020,54,4,2023-04-13,0 days 03:26:33,2023-04-21,0 days 21:37:17,Siliguri,Anniversary,8,3,21,April,Thursday,4944,1236,75029,Occaecati Gift,Cake,1236,Anniversary,Ducimus possimus saepe totam impedit amet reprehenderit.,Samaira Ganesh,Male,Machilipatnam
971,C027,47,1,2023-03-02,0 days 04:02:13,2023-03-10,0 days 19:17:36,Sultan Pur Majra,Holi,8,4,19,March,Thursday,1638,1638,33149,Harum Pack,Colors,1638,Holi,Maiores voluptates quam aspernatur magni distinctio provident.,Kashvi Sur,Female,Serampore
972,C026,30,2,2023-04-30,0 days 01:34:34,2023-05-02,0 days 05:27:14,Ujjain,Anniversary,2,1,5,April,Sunday,1502,751,31319,Recusandae Pack,Colors,751,Anniversary,Maxime exercitationem repellat veritatis a dolorem.,Ira Chahal,Female,Farrukhabad
973,C031,66,3,2023-02-26,0 days 10:35:55,2023-03-07,0 days 03:46:24,Barasat,Holi,9,10,3,February,Sunday,1830,610,30814,Quas Box,Colors,610,Holi,Architecto debitis repellendus error ducimus quod quo.,Madhup Wable,Female,Sasaram
974,C014,17,4,2023-11-04,0 days 19:16:59,2023-11-07,0 days 16:11:27,Pallavaram,Anniversary,3,19,16,November,Saturday,7596,1899,37235,Delectus Gift,Soft Toys,1899,Anniversary,Architecto beatae ullam ad sed dolorem voluptates est.,Indrans Shukla,Female,Panvel
975,C077,62,2,2023-03-04,0 days 00:26:32,2023-03-12,0 days 08:03:42,Sultan Pur Majra,Holi,8,0,8,March,Saturday,2712,1356,48915,Sed Set,Colors,1356,Holi,Sequi et dolore et consectetur odit deleniti.,Gokul Ahluwalia,Female,Panchkula
976,C017,17,2,2023-05-19,0 days 07:11:09,2023-05-20,0 days 08:38:28,Raichur,Anniversary,1,7,8,May,Friday,3798,1899,42855,Delectus Gift,Soft Toys,1899,Anniversary,Architecto beatae ullam ad sed dolorem voluptates est.,Advika Dhar,Male,Gangtok
977,C005,47,2,2023-03-05,0 days 12:33:31,2023-03-07,0 days 23:39:44,Rajpur Sonarpur,Holi,2,12,23,March,Sunday,3276,1638,8403,Harum Pack,Colors,1638,Holi,Maiores voluptates quam aspernatur magni distinctio provident.,Hiran Kaul,Male,Kottayam
978,C019,29,4,2023-02-28,0 days 08:59:15,2023-03-09,0 days 06:31:07,Barasat,Holi,9,8,6,February,Tuesday,5008,1252,40031,In Set,Colors,1252,Holi,Occaecati impedit incidunt qui.,Amira Sengupta,Male,Danapur
979,C030,9,4,2023-08-28,0 days 18:43:04,2023-08-31,0 days 20:12:58,Adoni,Raksha Bandhan,3,18,20,August,Monday,6420,1605,48097,Aperiam Box,Colors,1605,Raksha Bandhan,Explicabo totam quaerat a quaerat ducimus officia.,Vardaniya Contractor,Male,Sambhal
980,C067,12,5,2023-09-21,0 days 20:35:26,2023-09-30,0 days 00:43:39,Bijapur,Anniversary,9,20,0,September,Thursday,3360,672,38028,Non Set,Plants,672,Anniversary,Fugiat id similique minima corrupti ut sint sapiente.,Eva Sankaran,Male,Anand
981,C014,46,2,2023-04-02,0 days 20:01:08,2023-04-03,0 days 20:21:37,Dehradun,Anniversary,1,20,20,April,Sunday,1516,758,37235,Pariatur Set,Cake,758,Anniversary,In nesciunt maxime nobis officiis dicta.,Indrans Shukla,Female,Panvel
982,C019,47,4,2023-02-28,0 days 18:56:23,2023-03-04,0 days 03:11:23,Srinagar,Holi,4,18,3,February,Tuesday,6552,1638,40031,Harum Pack,Colors,1638,Holi,Maiores voluptates quam aspernatur magni distinctio provident.,Amira Sengupta,Male,Danapur
983,C094,70,1,2023-03-25,0 days 09:39:44,2023-04-01,0 days 06:38:43,Satna,Birthday,7,9,6,March,Saturday,866,866,31041,Error Gift,Sweets,866,Birthday,Debitis provident illo aliquam debitis.,Raghav Babu,Female,Deoghar
984,C058,65,1,2023-08-03,0 days 22:31:02,2023-08-07,0 days 16:39:11,Ballia,All Occasions,4,22,16,August,Thursday,1895,1895,35678,Error Gift,Raksha Bandhan,1895,All Occasions,Ratione alias nam dignissimos ullam.,Charvi Kanda,Male,Guntakal
985,C070,31,4,2023-10-05,0 days 11:27:20,2023-10-13,0 days 16:53:35,Ludhiana,All Occasions,8,11,16,October,Thursday,7216,1804,39355,Nihil Box,Colors,1804,All Occasions,Eveniet sint molestiae.,Emir Gokhale,Male,Bhatpara
986,C086,1,2,2023-11-03,0 days 16:41:54,2023-11-05,0 days 22:43:28,Bally,All Occasions,2,16,22,November,Friday,3870,1935,16532,Magnam Set,Soft Toys,1935,All Occasions,Quam numquam iste sunt nemo.,Ivana Amble,Female,Purnia
987,C018,65,3,2023-12-20,0 days 09:13:17,2023-12-25,0 days 04:10:09,Bulandshahr,All Occasions,5,9,4,December,Wednesday,5685,1895,33717,Error Gift,Raksha Bandhan,1895,All Occasions,Ratione alias nam dignissimos ullam.,Eva Vaidya,Male,Nizamabad
988,C020,4,3,2023-11-10,0 days 09:47:17,2023-11-15,0 days 10:29:19,Mau,Diwali,5,9,10,November,Friday,3597,1199,75029,Accusantium Set,Sweets,1199,Diwali,Corporis odio consequatur perferendis repellendus laudantium deserunt.,Samaira Ganesh,Male,Machilipatnam
989,C017,52,3,2023-02-06,0 days 08:11:27,2023-02-15,0 days 02:00:04,Bidhannagar,Valentine's Day,9,8,2,February,Monday,708,236,42855,Dolorum Box,Raksha Bandhan,236,Valentine's Day,Amet accusamus natus magni non recusandae.,Advika Dhar,Male,Gangtok
990,C021,42,2,2023-12-04,0 days 22:20:00,2023-12-08,0 days 23:57:55,Amritsar,All Occasions,4,22,23,December,Monday,3488,1744,23641,Expedita Gift,Sweets,1744,All Occasions,Necessitatibus cum dolores alias sed.,Siya Talwar,Male,Mehsana
991,C054,36,5,2023-02-09,0 days 15:01:12,2023-02-15,0 days 17:16:56,Barasat,Birthday,6,15,17,February,Thursday,1015,203,28005,Cum Gift,Plants,203,Birthday,Magni maiores ullam fugiat.,Umang Ahuja,Female,Bidhannagar
992,C091,43,3,2023-11-02,0 days 14:09:04,2023-11-03,0 days 19:32:39,Chittoor,Diwali,1,14,19,November,Thursday,2250,750,32001,Quisquam Pack,Raksha Bandhan,750,Diwali,Odio incidunt tempore nesciunt.,Adira Rajan,Female,New Delhi
993,C082,61,5,2023-10-08,0 days 21:34:06,2023-10-14,0 days 15:55:58,Kishanganj,Anniversary,6,21,15,October,Sunday,4050,810,26728,Iusto Box,Plants,810,Anniversary,Sequi numquam rerum aspernatur aspernatur in.,Anya Chaudhari,Female,Ahmednagar
994,C004,68,2,2023-02-13,0 days 22:44:36,2023-02-21,0 days 06:45:30,Chandigarh,Valentine's Day,8,22,6,February,Monday,1194,597,35894,Quas Gift,Soft Toys,597,Valentine's Day,Enim non fugit reprehenderit minima.,Tarini Bava,Male,Miryalaguda
995,C089,57,2,2023-07-20,0 days 00:40:38,2023-07-27,0 days 11:42:03,Muzaffarnagar,Birthday,7,0,11,July,Thursday,3164,1582,43844,Voluptatem Box,Colors,1582,Birthday,Similique dolor saepe molestiae.,Oorja Dey,Female,Nellore
996,C077,25,5,2023-05-13,0 days 06:55:09,2023-05-19,0 days 05:41:20,Faridabad,Anniversary,6,6,5,May,Saturday,6010,1202,48915,Qui Gift,Plants,1202,Anniversary,Maxime culpa earum blanditiis.,Gokul Ahluwalia,Female,Panchkula
997,C098,19,2,2023-02-04,0 days 04:28:27,2023-02-10,0 days 11:50:24,Vasai-Virar,Valentine's Day,6,4,11,February,Saturday,2468,1234,40556,Iure Gift,Mugs,1234,Valentine's Day,Autem quaerat tempore quasi ipsam.,Navya Golla,Male,Cuttack
998,C046,44,1,2023-11-06,0 days 16:17:11,2023-11-14,0 days 04:33:25,Ballia,Diwali,8,16,4,November,Monday,794,794,29150,Dolorum Set,Plants,794,Diwali,Nam quod aliquid.,Tara Kannan,Male,Guna
999,C054,52,2,2023-02-06,0 days 22:40:49,2023-02-10,0 days 12:29:21,Miryalaguda,Valentine's Day,4,22,12,February,Monday,472,236,28005,Dolorum Box,Raksha Bandhan,236,Valentine's Day,Amet accusamus natus magni non recusandae.,Umang Ahuja,Female,Bidhannagar
1000,C012,27,4,2023-08-25,0 days 01:22:43,2023-08-31,0 days 06:57:59,Tadepalligudem,Raksha Bandhan,6,1,6,August,Friday,2192,548,23591,Architecto Gift,Cake,548,Raksha Bandhan,Odio quisquam inventore esse sed recusandae autem.,Onkar Mangat,Male,Bilaspur
